workload,mode,iteration,context_tokens,input_tokens,component,layer,time_us
prefill,baseline,0,0,32,llama_decode_wall,-1,276807.684
prefill,baseline,1,0,32,llama_decode_wall,-1,294202.655
prefill,baseline,2,0,32,llama_decode_wall,-1,292392.286
prefill,baseline,3,0,32,llama_decode_wall,-1,297927.114
prefill,baseline,4,0,32,llama_decode_wall,-1,292922.630
prefill,baseline,5,0,32,llama_decode_wall,-1,306155.961
prefill,baseline,6,0,32,llama_decode_wall,-1,305062.723
prefill,baseline,7,0,32,llama_decode_wall,-1,298461.715
prefill,baseline,8,0,32,llama_decode_wall,-1,293554.290
prefill,baseline,9,0,32,llama_decode_wall,-1,293072.400
prefill,instrumented,0,0,32,embedding,-1,14.310
prefill,instrumented,0,0,32,decoder_layer,0,8890.254
prefill,instrumented,0,0,32,decoder_layer,1,10553.469
prefill,instrumented,0,0,32,decoder_layer,2,9707.658
prefill,instrumented,0,0,32,decoder_layer,3,9208.548
prefill,instrumented,0,0,32,decoder_layer,4,9458.360
prefill,instrumented,0,0,32,decoder_layer,5,9600.966
prefill,instrumented,0,0,32,decoder_layer,6,9637.121
prefill,instrumented,0,0,32,decoder_layer,7,9926.745
prefill,instrumented,0,0,32,decoder_layer,8,9673.814
prefill,instrumented,0,0,32,decoder_layer,9,9722.609
prefill,instrumented,0,0,32,decoder_layer,10,9059.324
prefill,instrumented,0,0,32,decoder_layer,11,8978.133
prefill,instrumented,0,0,32,decoder_layer,12,9332.685
prefill,instrumented,0,0,32,decoder_layer,13,9020.453
prefill,instrumented,0,0,32,decoder_layer,14,9952.556
prefill,instrumented,0,0,32,decoder_layer,15,9859.900
prefill,instrumented,0,0,32,decoder_layer,16,9501.013
prefill,instrumented,0,0,32,decoder_layer,17,9551.373
prefill,instrumented,0,0,32,decoder_layer,18,9641.249
prefill,instrumented,0,0,32,decoder_layer,19,9857.688
prefill,instrumented,0,0,32,decoder_layer,20,8997.372
prefill,instrumented,0,0,32,decoder_layer,21,9423.451
prefill,instrumented,0,0,32,decoder_layer,22,9276.445
prefill,instrumented,0,0,32,decoder_layer,23,7968.293
prefill,instrumented,0,0,32,decoder_layer,24,8701.299
prefill,instrumented,0,0,32,decoder_layer,25,10184.366
prefill,instrumented,0,0,32,decoder_layer,26,10027.214
prefill,instrumented,0,0,32,decoder_layer,27,4995.298
prefill,instrumented,0,0,32,decoder_layers_total,-1,260707.656
prefill,instrumented,0,0,32,decoder_shard_total,-1,260721.966
prefill,instrumented,0,0,32,final_norm,-1,25.672
prefill,instrumented,0,0,32,lm_head,-1,10057.963
prefill,instrumented,0,0,32,head_shard_total,-1,10083.635
prefill,instrumented,0,0,32,graph_sum,-1,270805.601
prefill,instrumented,0,0,32,llama_decode_wall,-1,270991.633
prefill,instrumented,0,0,32,outside_timed_stages,-1,186.032
prefill,instrumented,1,0,32,embedding,-1,19.585
prefill,instrumented,1,0,32,decoder_layer,0,9825.643
prefill,instrumented,1,0,32,decoder_layer,1,9581.414
prefill,instrumented,1,0,32,decoder_layer,2,10128.160
prefill,instrumented,1,0,32,decoder_layer,3,9355.797
prefill,instrumented,1,0,32,decoder_layer,4,10507.433
prefill,instrumented,1,0,32,decoder_layer,5,8771.166
prefill,instrumented,1,0,32,decoder_layer,6,9870.552
prefill,instrumented,1,0,32,decoder_layer,7,10210.006
prefill,instrumented,1,0,32,decoder_layer,8,9911.861
prefill,instrumented,1,0,32,decoder_layer,9,9663.680
prefill,instrumented,1,0,32,decoder_layer,10,9475.662
prefill,instrumented,1,0,32,decoder_layer,11,10727.864
prefill,instrumented,1,0,32,decoder_layer,12,8591.081
prefill,instrumented,1,0,32,decoder_layer,13,8557.927
prefill,instrumented,1,0,32,decoder_layer,14,9471.552
prefill,instrumented,1,0,32,decoder_layer,15,9743.211
prefill,instrumented,1,0,32,decoder_layer,16,9282.971
prefill,instrumented,1,0,32,decoder_layer,17,9648.481
prefill,instrumented,1,0,32,decoder_layer,18,9636.295
prefill,instrumented,1,0,32,decoder_layer,19,9261.630
prefill,instrumented,1,0,32,decoder_layer,20,9868.586
prefill,instrumented,1,0,32,decoder_layer,21,10357.098
prefill,instrumented,1,0,32,decoder_layer,22,9842.100
prefill,instrumented,1,0,32,decoder_layer,23,9312.425
prefill,instrumented,1,0,32,decoder_layer,24,9368.480
prefill,instrumented,1,0,32,decoder_layer,25,9384.047
prefill,instrumented,1,0,32,decoder_layer,26,9696.489
prefill,instrumented,1,0,32,decoder_layer,27,4947.155
prefill,instrumented,1,0,32,decoder_layers_total,-1,264998.766
prefill,instrumented,1,0,32,decoder_shard_total,-1,265018.351
prefill,instrumented,1,0,32,final_norm,-1,23.433
prefill,instrumented,1,0,32,lm_head,-1,9807.334
prefill,instrumented,1,0,32,head_shard_total,-1,9830.767
prefill,instrumented,1,0,32,graph_sum,-1,274849.118
prefill,instrumented,1,0,32,llama_decode_wall,-1,275062.717
prefill,instrumented,1,0,32,outside_timed_stages,-1,213.599
prefill,instrumented,2,0,32,embedding,-1,19.427
prefill,instrumented,2,0,32,decoder_layer,0,9799.381
prefill,instrumented,2,0,32,decoder_layer,1,9463.900
prefill,instrumented,2,0,32,decoder_layer,2,10417.540
prefill,instrumented,2,0,32,decoder_layer,3,10350.207
prefill,instrumented,2,0,32,decoder_layer,4,9780.998
prefill,instrumented,2,0,32,decoder_layer,5,10394.884
prefill,instrumented,2,0,32,decoder_layer,6,10498.039
prefill,instrumented,2,0,32,decoder_layer,7,10580.178
prefill,instrumented,2,0,32,decoder_layer,8,11389.403
prefill,instrumented,2,0,32,decoder_layer,9,10259.540
prefill,instrumented,2,0,32,decoder_layer,10,10202.469
prefill,instrumented,2,0,32,decoder_layer,11,10413.911
prefill,instrumented,2,0,32,decoder_layer,12,10288.427
prefill,instrumented,2,0,32,decoder_layer,13,10171.142
prefill,instrumented,2,0,32,decoder_layer,14,11560.170
prefill,instrumented,2,0,32,decoder_layer,15,10842.599
prefill,instrumented,2,0,32,decoder_layer,16,10024.127
prefill,instrumented,2,0,32,decoder_layer,17,9690.998
prefill,instrumented,2,0,32,decoder_layer,18,13329.877
prefill,instrumented,2,0,32,decoder_layer,19,10017.835
prefill,instrumented,2,0,32,decoder_layer,20,10501.024
prefill,instrumented,2,0,32,decoder_layer,21,10501.041
prefill,instrumented,2,0,32,decoder_layer,22,10347.931
prefill,instrumented,2,0,32,decoder_layer,23,10073.180
prefill,instrumented,2,0,32,decoder_layer,24,10672.726
prefill,instrumented,2,0,32,decoder_layer,25,9846.642
prefill,instrumented,2,0,32,decoder_layer,26,10050.290
prefill,instrumented,2,0,32,decoder_layer,27,5110.191
prefill,instrumented,2,0,32,decoder_layers_total,-1,286578.650
prefill,instrumented,2,0,32,decoder_shard_total,-1,286598.077
prefill,instrumented,2,0,32,final_norm,-1,42.852
prefill,instrumented,2,0,32,lm_head,-1,10582.651
prefill,instrumented,2,0,32,head_shard_total,-1,10625.503
prefill,instrumented,2,0,32,graph_sum,-1,297223.580
prefill,instrumented,2,0,32,llama_decode_wall,-1,297443.523
prefill,instrumented,2,0,32,outside_timed_stages,-1,219.943
prefill,instrumented,3,0,32,embedding,-1,13.904
prefill,instrumented,3,0,32,decoder_layer,0,9620.355
prefill,instrumented,3,0,32,decoder_layer,1,9601.910
prefill,instrumented,3,0,32,decoder_layer,2,10854.522
prefill,instrumented,3,0,32,decoder_layer,3,11871.025
prefill,instrumented,3,0,32,decoder_layer,4,9899.118
prefill,instrumented,3,0,32,decoder_layer,5,12030.134
prefill,instrumented,3,0,32,decoder_layer,6,11119.662
prefill,instrumented,3,0,32,decoder_layer,7,10086.922
prefill,instrumented,3,0,32,decoder_layer,8,11142.049
prefill,instrumented,3,0,32,decoder_layer,9,11272.016
prefill,instrumented,3,0,32,decoder_layer,10,10380.164
prefill,instrumented,3,0,32,decoder_layer,11,10516.374
prefill,instrumented,3,0,32,decoder_layer,12,9694.617
prefill,instrumented,3,0,32,decoder_layer,13,12862.078
prefill,instrumented,3,0,32,decoder_layer,14,10931.944
prefill,instrumented,3,0,32,decoder_layer,15,11203.997
prefill,instrumented,3,0,32,decoder_layer,16,9454.562
prefill,instrumented,3,0,32,decoder_layer,17,9322.547
prefill,instrumented,3,0,32,decoder_layer,18,10240.003
prefill,instrumented,3,0,32,decoder_layer,19,10382.548
prefill,instrumented,3,0,32,decoder_layer,20,10215.329
prefill,instrumented,3,0,32,decoder_layer,21,10424.033
prefill,instrumented,3,0,32,decoder_layer,22,9843.829
prefill,instrumented,3,0,32,decoder_layer,23,9918.520
prefill,instrumented,3,0,32,decoder_layer,24,11148.051
prefill,instrumented,3,0,32,decoder_layer,25,10560.711
prefill,instrumented,3,0,32,decoder_layer,26,10424.391
prefill,instrumented,3,0,32,decoder_layer,27,5237.399
prefill,instrumented,3,0,32,decoder_layers_total,-1,290258.810
prefill,instrumented,3,0,32,decoder_shard_total,-1,290272.714
prefill,instrumented,3,0,32,final_norm,-1,36.402
prefill,instrumented,3,0,32,lm_head,-1,10536.973
prefill,instrumented,3,0,32,head_shard_total,-1,10573.375
prefill,instrumented,3,0,32,graph_sum,-1,300846.089
prefill,instrumented,3,0,32,llama_decode_wall,-1,301070.726
prefill,instrumented,3,0,32,outside_timed_stages,-1,224.637
prefill,instrumented,4,0,32,embedding,-1,13.279
prefill,instrumented,4,0,32,decoder_layer,0,11074.472
prefill,instrumented,4,0,32,decoder_layer,1,10855.753
prefill,instrumented,4,0,32,decoder_layer,2,8859.132
prefill,instrumented,4,0,32,decoder_layer,3,11021.164
prefill,instrumented,4,0,32,decoder_layer,4,10916.916
prefill,instrumented,4,0,32,decoder_layer,5,9763.758
prefill,instrumented,4,0,32,decoder_layer,6,9970.743
prefill,instrumented,4,0,32,decoder_layer,7,10366.509
prefill,instrumented,4,0,32,decoder_layer,8,10358.743
prefill,instrumented,4,0,32,decoder_layer,9,10540.752
prefill,instrumented,4,0,32,decoder_layer,10,11362.047
prefill,instrumented,4,0,32,decoder_layer,11,9302.238
prefill,instrumented,4,0,32,decoder_layer,12,11528.101
prefill,instrumented,4,0,32,decoder_layer,13,10487.951
prefill,instrumented,4,0,32,decoder_layer,14,10001.722
prefill,instrumented,4,0,32,decoder_layer,15,9796.324
prefill,instrumented,4,0,32,decoder_layer,16,10865.795
prefill,instrumented,4,0,32,decoder_layer,17,10869.646
prefill,instrumented,4,0,32,decoder_layer,18,10058.432
prefill,instrumented,4,0,32,decoder_layer,19,11019.144
prefill,instrumented,4,0,32,decoder_layer,20,9616.898
prefill,instrumented,4,0,32,decoder_layer,21,10661.205
prefill,instrumented,4,0,32,decoder_layer,22,10343.488
prefill,instrumented,4,0,32,decoder_layer,23,9624.235
prefill,instrumented,4,0,32,decoder_layer,24,11473.939
prefill,instrumented,4,0,32,decoder_layer,25,11252.441
prefill,instrumented,4,0,32,decoder_layer,26,10034.563
prefill,instrumented,4,0,32,decoder_layer,27,5401.088
prefill,instrumented,4,0,32,decoder_layers_total,-1,287427.199
prefill,instrumented,4,0,32,decoder_shard_total,-1,287440.478
prefill,instrumented,4,0,32,final_norm,-1,22.388
prefill,instrumented,4,0,32,lm_head,-1,10530.687
prefill,instrumented,4,0,32,head_shard_total,-1,10553.075
prefill,instrumented,4,0,32,graph_sum,-1,297993.553
prefill,instrumented,4,0,32,llama_decode_wall,-1,298173.232
prefill,instrumented,4,0,32,outside_timed_stages,-1,179.679
prefill,instrumented,5,0,32,embedding,-1,10.864
prefill,instrumented,5,0,32,decoder_layer,0,11014.209
prefill,instrumented,5,0,32,decoder_layer,1,10706.956
prefill,instrumented,5,0,32,decoder_layer,2,8922.494
prefill,instrumented,5,0,32,decoder_layer,3,8543.647
prefill,instrumented,5,0,32,decoder_layer,4,8547.192
prefill,instrumented,5,0,32,decoder_layer,5,9527.899
prefill,instrumented,5,0,32,decoder_layer,6,9399.881
prefill,instrumented,5,0,32,decoder_layer,7,9009.749
prefill,instrumented,5,0,32,decoder_layer,8,9622.568
prefill,instrumented,5,0,32,decoder_layer,9,9449.082
prefill,instrumented,5,0,32,decoder_layer,10,9477.469
prefill,instrumented,5,0,32,decoder_layer,11,9840.930
prefill,instrumented,5,0,32,decoder_layer,12,8576.926
prefill,instrumented,5,0,32,decoder_layer,13,9311.140
prefill,instrumented,5,0,32,decoder_layer,14,10341.663
prefill,instrumented,5,0,32,decoder_layer,15,9692.239
prefill,instrumented,5,0,32,decoder_layer,16,8905.467
prefill,instrumented,5,0,32,decoder_layer,17,9502.851
prefill,instrumented,5,0,32,decoder_layer,18,10387.061
prefill,instrumented,5,0,32,decoder_layer,19,10536.424
prefill,instrumented,5,0,32,decoder_layer,20,9815.304
prefill,instrumented,5,0,32,decoder_layer,21,9773.663
prefill,instrumented,5,0,32,decoder_layer,22,10857.714
prefill,instrumented,5,0,32,decoder_layer,23,10515.911
prefill,instrumented,5,0,32,decoder_layer,24,10589.480
prefill,instrumented,5,0,32,decoder_layer,25,10353.131
prefill,instrumented,5,0,32,decoder_layer,26,11814.640
prefill,instrumented,5,0,32,decoder_layer,27,5094.582
prefill,instrumented,5,0,32,decoder_layers_total,-1,270130.272
prefill,instrumented,5,0,32,decoder_shard_total,-1,270141.136
prefill,instrumented,5,0,32,final_norm,-1,24.583
prefill,instrumented,5,0,32,lm_head,-1,10403.530
prefill,instrumented,5,0,32,head_shard_total,-1,10428.113
prefill,instrumented,5,0,32,graph_sum,-1,280569.249
prefill,instrumented,5,0,32,llama_decode_wall,-1,280744.338
prefill,instrumented,5,0,32,outside_timed_stages,-1,175.089
prefill,instrumented,6,0,32,embedding,-1,14.796
prefill,instrumented,6,0,32,decoder_layer,0,10649.020
prefill,instrumented,6,0,32,decoder_layer,1,9716.344
prefill,instrumented,6,0,32,decoder_layer,2,10546.978
prefill,instrumented,6,0,32,decoder_layer,3,9837.175
prefill,instrumented,6,0,32,decoder_layer,4,9984.062
prefill,instrumented,6,0,32,decoder_layer,5,9714.285
prefill,instrumented,6,0,32,decoder_layer,6,10090.702
prefill,instrumented,6,0,32,decoder_layer,7,10276.607
prefill,instrumented,6,0,32,decoder_layer,8,9481.588
prefill,instrumented,6,0,32,decoder_layer,9,9927.261
prefill,instrumented,6,0,32,decoder_layer,10,9914.776
prefill,instrumented,6,0,32,decoder_layer,11,8076.058
prefill,instrumented,6,0,32,decoder_layer,12,8710.309
prefill,instrumented,6,0,32,decoder_layer,13,10034.865
prefill,instrumented,6,0,32,decoder_layer,14,10575.099
prefill,instrumented,6,0,32,decoder_layer,15,10233.599
prefill,instrumented,6,0,32,decoder_layer,16,10820.490
prefill,instrumented,6,0,32,decoder_layer,17,8952.489
prefill,instrumented,6,0,32,decoder_layer,18,9676.991
prefill,instrumented,6,0,32,decoder_layer,19,10274.379
prefill,instrumented,6,0,32,decoder_layer,20,9660.034
prefill,instrumented,6,0,32,decoder_layer,21,9605.350
prefill,instrumented,6,0,32,decoder_layer,22,9521.901
prefill,instrumented,6,0,32,decoder_layer,23,9726.893
prefill,instrumented,6,0,32,decoder_layer,24,9806.180
prefill,instrumented,6,0,32,decoder_layer,25,10730.765
prefill,instrumented,6,0,32,decoder_layer,26,12156.670
prefill,instrumented,6,0,32,decoder_layer,27,5193.301
prefill,instrumented,6,0,32,decoder_layers_total,-1,273894.171
prefill,instrumented,6,0,32,decoder_shard_total,-1,273908.967
prefill,instrumented,6,0,32,final_norm,-1,28.719
prefill,instrumented,6,0,32,lm_head,-1,10410.728
prefill,instrumented,6,0,32,head_shard_total,-1,10439.447
prefill,instrumented,6,0,32,graph_sum,-1,284348.414
prefill,instrumented,6,0,32,llama_decode_wall,-1,284549.202
prefill,instrumented,6,0,32,outside_timed_stages,-1,200.788
prefill,instrumented,7,0,32,embedding,-1,14.077
prefill,instrumented,7,0,32,decoder_layer,0,10559.544
prefill,instrumented,7,0,32,decoder_layer,1,10851.597
prefill,instrumented,7,0,32,decoder_layer,2,10340.710
prefill,instrumented,7,0,32,decoder_layer,3,9603.775
prefill,instrumented,7,0,32,decoder_layer,4,9968.004
prefill,instrumented,7,0,32,decoder_layer,5,9357.097
prefill,instrumented,7,0,32,decoder_layer,6,9890.420
prefill,instrumented,7,0,32,decoder_layer,7,9742.545
prefill,instrumented,7,0,32,decoder_layer,8,9923.348
prefill,instrumented,7,0,32,decoder_layer,9,13791.901
prefill,instrumented,7,0,32,decoder_layer,10,8724.341
prefill,instrumented,7,0,32,decoder_layer,11,11357.385
prefill,instrumented,7,0,32,decoder_layer,12,10099.884
prefill,instrumented,7,0,32,decoder_layer,13,10250.604
prefill,instrumented,7,0,32,decoder_layer,14,11297.428
prefill,instrumented,7,0,32,decoder_layer,15,10348.040
prefill,instrumented,7,0,32,decoder_layer,16,10218.390
prefill,instrumented,7,0,32,decoder_layer,17,10445.777
prefill,instrumented,7,0,32,decoder_layer,18,10333.550
prefill,instrumented,7,0,32,decoder_layer,19,9879.568
prefill,instrumented,7,0,32,decoder_layer,20,9843.354
prefill,instrumented,7,0,32,decoder_layer,21,8631.146
prefill,instrumented,7,0,32,decoder_layer,22,9431.263
prefill,instrumented,7,0,32,decoder_layer,23,10224.396
prefill,instrumented,7,0,32,decoder_layer,24,9624.379
prefill,instrumented,7,0,32,decoder_layer,25,10648.076
prefill,instrumented,7,0,32,decoder_layer,26,10257.651
prefill,instrumented,7,0,32,decoder_layer,27,5024.592
prefill,instrumented,7,0,32,decoder_layers_total,-1,280668.765
prefill,instrumented,7,0,32,decoder_shard_total,-1,280682.842
prefill,instrumented,7,0,32,final_norm,-1,27.541
prefill,instrumented,7,0,32,lm_head,-1,10067.151
prefill,instrumented,7,0,32,head_shard_total,-1,10094.692
prefill,instrumented,7,0,32,graph_sum,-1,290777.534
prefill,instrumented,7,0,32,llama_decode_wall,-1,290946.400
prefill,instrumented,7,0,32,outside_timed_stages,-1,168.866
prefill,instrumented,8,0,32,embedding,-1,20.313
prefill,instrumented,8,0,32,decoder_layer,0,10320.075
prefill,instrumented,8,0,32,decoder_layer,1,10541.939
prefill,instrumented,8,0,32,decoder_layer,2,12484.024
prefill,instrumented,8,0,32,decoder_layer,3,10253.511
prefill,instrumented,8,0,32,decoder_layer,4,9299.614
prefill,instrumented,8,0,32,decoder_layer,5,11051.529
prefill,instrumented,8,0,32,decoder_layer,6,9854.548
prefill,instrumented,8,0,32,decoder_layer,7,10270.765
prefill,instrumented,8,0,32,decoder_layer,8,11768.227
prefill,instrumented,8,0,32,decoder_layer,9,10321.000
prefill,instrumented,8,0,32,decoder_layer,10,11306.192
prefill,instrumented,8,0,32,decoder_layer,11,10190.981
prefill,instrumented,8,0,32,decoder_layer,12,9715.239
prefill,instrumented,8,0,32,decoder_layer,13,11262.932
prefill,instrumented,8,0,32,decoder_layer,14,9809.646
prefill,instrumented,8,0,32,decoder_layer,15,11743.364
prefill,instrumented,8,0,32,decoder_layer,16,9344.311
prefill,instrumented,8,0,32,decoder_layer,17,9977.888
prefill,instrumented,8,0,32,decoder_layer,18,11499.206
prefill,instrumented,8,0,32,decoder_layer,19,9831.021
prefill,instrumented,8,0,32,decoder_layer,20,12047.447
prefill,instrumented,8,0,32,decoder_layer,21,10063.377
prefill,instrumented,8,0,32,decoder_layer,22,10034.514
prefill,instrumented,8,0,32,decoder_layer,23,9847.045
prefill,instrumented,8,0,32,decoder_layer,24,10290.203
prefill,instrumented,8,0,32,decoder_layer,25,10973.481
prefill,instrumented,8,0,32,decoder_layer,26,11821.394
prefill,instrumented,8,0,32,decoder_layer,27,6137.287
prefill,instrumented,8,0,32,decoder_layers_total,-1,292060.760
prefill,instrumented,8,0,32,decoder_shard_total,-1,292081.073
prefill,instrumented,8,0,32,final_norm,-1,25.463
prefill,instrumented,8,0,32,lm_head,-1,10106.742
prefill,instrumented,8,0,32,head_shard_total,-1,10132.205
prefill,instrumented,8,0,32,graph_sum,-1,302213.278
prefill,instrumented,8,0,32,llama_decode_wall,-1,302423.126
prefill,instrumented,8,0,32,outside_timed_stages,-1,209.848
prefill,instrumented,9,0,32,embedding,-1,19.315
prefill,instrumented,9,0,32,decoder_layer,0,9670.077
prefill,instrumented,9,0,32,decoder_layer,1,10147.018
prefill,instrumented,9,0,32,decoder_layer,2,10307.920
prefill,instrumented,9,0,32,decoder_layer,3,9803.984
prefill,instrumented,9,0,32,decoder_layer,4,9690.714
prefill,instrumented,9,0,32,decoder_layer,5,10206.486
prefill,instrumented,9,0,32,decoder_layer,6,10920.392
prefill,instrumented,9,0,32,decoder_layer,7,11377.863
prefill,instrumented,9,0,32,decoder_layer,8,9238.584
prefill,instrumented,9,0,32,decoder_layer,9,10995.123
prefill,instrumented,9,0,32,decoder_layer,10,9724.313
prefill,instrumented,9,0,32,decoder_layer,11,9783.652
prefill,instrumented,9,0,32,decoder_layer,12,10063.533
prefill,instrumented,9,0,32,decoder_layer,13,10235.299
prefill,instrumented,9,0,32,decoder_layer,14,9493.247
prefill,instrumented,9,0,32,decoder_layer,15,10984.390
prefill,instrumented,9,0,32,decoder_layer,16,10601.063
prefill,instrumented,9,0,32,decoder_layer,17,10108.168
prefill,instrumented,9,0,32,decoder_layer,18,11883.674
prefill,instrumented,9,0,32,decoder_layer,19,10890.733
prefill,instrumented,9,0,32,decoder_layer,20,10879.079
prefill,instrumented,9,0,32,decoder_layer,21,10608.218
prefill,instrumented,9,0,32,decoder_layer,22,11522.292
prefill,instrumented,9,0,32,decoder_layer,23,11058.899
prefill,instrumented,9,0,32,decoder_layer,24,9604.142
prefill,instrumented,9,0,32,decoder_layer,25,10433.611
prefill,instrumented,9,0,32,decoder_layer,26,12859.852
prefill,instrumented,9,0,32,decoder_layer,27,4689.673
prefill,instrumented,9,0,32,decoder_layers_total,-1,287781.999
prefill,instrumented,9,0,32,decoder_shard_total,-1,287801.314
prefill,instrumented,9,0,32,final_norm,-1,27.826
prefill,instrumented,9,0,32,lm_head,-1,10054.913
prefill,instrumented,9,0,32,head_shard_total,-1,10082.739
prefill,instrumented,9,0,32,graph_sum,-1,297884.053
prefill,instrumented,9,0,32,llama_decode_wall,-1,298098.393
prefill,instrumented,9,0,32,outside_timed_stages,-1,214.340
decode,baseline,0,32,1,llama_decode_wall,-1,64638.084
decode,baseline,1,32,1,llama_decode_wall,-1,68614.521
decode,baseline,2,32,1,llama_decode_wall,-1,63586.426
decode,baseline,3,32,1,llama_decode_wall,-1,65337.928
decode,baseline,4,32,1,llama_decode_wall,-1,66758.871
decode,baseline,5,32,1,llama_decode_wall,-1,72651.408
decode,baseline,6,32,1,llama_decode_wall,-1,66571.661
decode,baseline,7,32,1,llama_decode_wall,-1,71274.805
decode,baseline,8,32,1,llama_decode_wall,-1,65721.598
decode,baseline,9,32,1,llama_decode_wall,-1,63862.780
decode,baseline,10,32,1,llama_decode_wall,-1,68329.459
decode,baseline,11,32,1,llama_decode_wall,-1,64553.784
decode,baseline,12,32,1,llama_decode_wall,-1,64016.084
decode,baseline,13,32,1,llama_decode_wall,-1,64512.408
decode,baseline,14,32,1,llama_decode_wall,-1,65875.208
decode,baseline,15,32,1,llama_decode_wall,-1,66486.595
decode,baseline,16,32,1,llama_decode_wall,-1,69197.731
decode,baseline,17,32,1,llama_decode_wall,-1,67657.116
decode,baseline,18,32,1,llama_decode_wall,-1,65688.474
decode,baseline,19,32,1,llama_decode_wall,-1,70688.383
decode,baseline,20,32,1,llama_decode_wall,-1,63933.983
decode,baseline,21,32,1,llama_decode_wall,-1,69246.213
decode,baseline,22,32,1,llama_decode_wall,-1,67555.583
decode,baseline,23,32,1,llama_decode_wall,-1,65247.792
decode,baseline,24,32,1,llama_decode_wall,-1,63834.217
decode,baseline,25,32,1,llama_decode_wall,-1,63068.724
decode,baseline,26,32,1,llama_decode_wall,-1,63486.628
decode,baseline,27,32,1,llama_decode_wall,-1,68714.556
decode,baseline,28,32,1,llama_decode_wall,-1,62423.505
decode,baseline,29,32,1,llama_decode_wall,-1,63708.592
decode,instrumented,0,32,1,embedding,-1,5.178
decode,instrumented,0,32,1,decoder_layer,0,1943.998
decode,instrumented,0,32,1,decoder_layer,1,1840.143
decode,instrumented,0,32,1,decoder_layer,2,1840.386
decode,instrumented,0,32,1,decoder_layer,3,1865.446
decode,instrumented,0,32,1,decoder_layer,4,1837.176
decode,instrumented,0,32,1,decoder_layer,5,1865.577
decode,instrumented,0,32,1,decoder_layer,6,1826.425
decode,instrumented,0,32,1,decoder_layer,7,1950.142
decode,instrumented,0,32,1,decoder_layer,8,1991.852
decode,instrumented,0,32,1,decoder_layer,9,1874.104
decode,instrumented,0,32,1,decoder_layer,10,1917.958
decode,instrumented,0,32,1,decoder_layer,11,1948.559
decode,instrumented,0,32,1,decoder_layer,12,1959.021
decode,instrumented,0,32,1,decoder_layer,13,1973.022
decode,instrumented,0,32,1,decoder_layer,14,1861.411
decode,instrumented,0,32,1,decoder_layer,15,1896.329
decode,instrumented,0,32,1,decoder_layer,16,2088.895
decode,instrumented,0,32,1,decoder_layer,17,1967.081
decode,instrumented,0,32,1,decoder_layer,18,1917.628
decode,instrumented,0,32,1,decoder_layer,19,1839.563
decode,instrumented,0,32,1,decoder_layer,20,1942.613
decode,instrumented,0,32,1,decoder_layer,21,1925.894
decode,instrumented,0,32,1,decoder_layer,22,1967.539
decode,instrumented,0,32,1,decoder_layer,23,1974.206
decode,instrumented,0,32,1,decoder_layer,24,1993.254
decode,instrumented,0,32,1,decoder_layer,25,2095.040
decode,instrumented,0,32,1,decoder_layer,26,2019.408
decode,instrumented,0,32,1,decoder_layer,27,1930.955
decode,instrumented,0,32,1,decoder_layers_total,-1,54053.625
decode,instrumented,0,32,1,decoder_shard_total,-1,54058.803
decode,instrumented,0,32,1,final_norm,-1,23.964
decode,instrumented,0,32,1,lm_head,-1,9787.563
decode,instrumented,0,32,1,head_shard_total,-1,9811.527
decode,instrumented,0,32,1,graph_sum,-1,63870.330
decode,instrumented,0,32,1,llama_decode_wall,-1,64041.721
decode,instrumented,0,32,1,outside_timed_stages,-1,171.391
decode,instrumented,1,32,1,embedding,-1,5.582
decode,instrumented,1,32,1,decoder_layer,0,2320.853
decode,instrumented,1,32,1,decoder_layer,1,1838.424
decode,instrumented,1,32,1,decoder_layer,2,1824.306
decode,instrumented,1,32,1,decoder_layer,3,1912.501
decode,instrumented,1,32,1,decoder_layer,4,1896.168
decode,instrumented,1,32,1,decoder_layer,5,1843.912
decode,instrumented,1,32,1,decoder_layer,6,1823.847
decode,instrumented,1,32,1,decoder_layer,7,1877.254
decode,instrumented,1,32,1,decoder_layer,8,1872.527
decode,instrumented,1,32,1,decoder_layer,9,1989.968
decode,instrumented,1,32,1,decoder_layer,10,1937.066
decode,instrumented,1,32,1,decoder_layer,11,1943.353
decode,instrumented,1,32,1,decoder_layer,12,1841.146
decode,instrumented,1,32,1,decoder_layer,13,1928.748
decode,instrumented,1,32,1,decoder_layer,14,1929.787
decode,instrumented,1,32,1,decoder_layer,15,2000.811
decode,instrumented,1,32,1,decoder_layer,16,1933.374
decode,instrumented,1,32,1,decoder_layer,17,1970.281
decode,instrumented,1,32,1,decoder_layer,18,1945.641
decode,instrumented,1,32,1,decoder_layer,19,1867.123
decode,instrumented,1,32,1,decoder_layer,20,1892.245
decode,instrumented,1,32,1,decoder_layer,21,1945.730
decode,instrumented,1,32,1,decoder_layer,22,2637.147
decode,instrumented,1,32,1,decoder_layer,23,1970.100
decode,instrumented,1,32,1,decoder_layer,24,1902.705
decode,instrumented,1,32,1,decoder_layer,25,2021.494
decode,instrumented,1,32,1,decoder_layer,26,2049.976
decode,instrumented,1,32,1,decoder_layer,27,1932.091
decode,instrumented,1,32,1,decoder_layers_total,-1,54848.578
decode,instrumented,1,32,1,decoder_shard_total,-1,54854.160
decode,instrumented,1,32,1,final_norm,-1,18.314
decode,instrumented,1,32,1,lm_head,-1,10199.705
decode,instrumented,1,32,1,head_shard_total,-1,10218.019
decode,instrumented,1,32,1,graph_sum,-1,65072.179
decode,instrumented,1,32,1,llama_decode_wall,-1,65259.801
decode,instrumented,1,32,1,outside_timed_stages,-1,187.622
decode,instrumented,2,32,1,embedding,-1,4.319
decode,instrumented,2,32,1,decoder_layer,0,2207.217
decode,instrumented,2,32,1,decoder_layer,1,2406.077
decode,instrumented,2,32,1,decoder_layer,2,1867.221
decode,instrumented,2,32,1,decoder_layer,3,1943.378
decode,instrumented,2,32,1,decoder_layer,4,1970.271
decode,instrumented,2,32,1,decoder_layer,5,1946.852
decode,instrumented,2,32,1,decoder_layer,6,1932.663
decode,instrumented,2,32,1,decoder_layer,7,1924.243
decode,instrumented,2,32,1,decoder_layer,8,1823.725
decode,instrumented,2,32,1,decoder_layer,9,2169.537
decode,instrumented,2,32,1,decoder_layer,10,2199.168
decode,instrumented,2,32,1,decoder_layer,11,1979.335
decode,instrumented,2,32,1,decoder_layer,12,2357.204
decode,instrumented,2,32,1,decoder_layer,13,1882.041
decode,instrumented,2,32,1,decoder_layer,14,1867.399
decode,instrumented,2,32,1,decoder_layer,15,1814.423
decode,instrumented,2,32,1,decoder_layer,16,1845.508
decode,instrumented,2,32,1,decoder_layer,17,1884.984
decode,instrumented,2,32,1,decoder_layer,18,2011.724
decode,instrumented,2,32,1,decoder_layer,19,1932.787
decode,instrumented,2,32,1,decoder_layer,20,2895.467
decode,instrumented,2,32,1,decoder_layer,21,1968.178
decode,instrumented,2,32,1,decoder_layer,22,1958.365
decode,instrumented,2,32,1,decoder_layer,23,1950.925
decode,instrumented,2,32,1,decoder_layer,24,2022.554
decode,instrumented,2,32,1,decoder_layer,25,2112.041
decode,instrumented,2,32,1,decoder_layer,26,1924.324
decode,instrumented,2,32,1,decoder_layer,27,1942.427
decode,instrumented,2,32,1,decoder_layers_total,-1,56740.038
decode,instrumented,2,32,1,decoder_shard_total,-1,56744.357
decode,instrumented,2,32,1,final_norm,-1,26.964
decode,instrumented,2,32,1,lm_head,-1,10013.426
decode,instrumented,2,32,1,head_shard_total,-1,10040.390
decode,instrumented,2,32,1,graph_sum,-1,66784.747
decode,instrumented,2,32,1,llama_decode_wall,-1,66955.139
decode,instrumented,2,32,1,outside_timed_stages,-1,170.392
decode,instrumented,3,32,1,embedding,-1,3.824
decode,instrumented,3,32,1,decoder_layer,0,2079.332
decode,instrumented,3,32,1,decoder_layer,1,2014.229
decode,instrumented,3,32,1,decoder_layer,2,1825.569
decode,instrumented,3,32,1,decoder_layer,3,1832.326
decode,instrumented,3,32,1,decoder_layer,4,2427.127
decode,instrumented,3,32,1,decoder_layer,5,1868.143
decode,instrumented,3,32,1,decoder_layer,6,1922.427
decode,instrumented,3,32,1,decoder_layer,7,1846.225
decode,instrumented,3,32,1,decoder_layer,8,1897.756
decode,instrumented,3,32,1,decoder_layer,9,2368.797
decode,instrumented,3,32,1,decoder_layer,10,1902.446
decode,instrumented,3,32,1,decoder_layer,11,1861.618
decode,instrumented,3,32,1,decoder_layer,12,1846.691
decode,instrumented,3,32,1,decoder_layer,13,1854.838
decode,instrumented,3,32,1,decoder_layer,14,1921.595
decode,instrumented,3,32,1,decoder_layer,15,1821.299
decode,instrumented,3,32,1,decoder_layer,16,1859.811
decode,instrumented,3,32,1,decoder_layer,17,1971.377
decode,instrumented,3,32,1,decoder_layer,18,2502.556
decode,instrumented,3,32,1,decoder_layer,19,2049.576
decode,instrumented,3,32,1,decoder_layer,20,2081.175
decode,instrumented,3,32,1,decoder_layer,21,2147.823
decode,instrumented,3,32,1,decoder_layer,22,2091.422
decode,instrumented,3,32,1,decoder_layer,23,2052.506
decode,instrumented,3,32,1,decoder_layer,24,2061.414
decode,instrumented,3,32,1,decoder_layer,25,2076.478
decode,instrumented,3,32,1,decoder_layer,26,2096.607
decode,instrumented,3,32,1,decoder_layer,27,2003.725
decode,instrumented,3,32,1,decoder_layers_total,-1,56284.888
decode,instrumented,3,32,1,decoder_shard_total,-1,56288.712
decode,instrumented,3,32,1,final_norm,-1,23.250
decode,instrumented,3,32,1,lm_head,-1,10307.168
decode,instrumented,3,32,1,head_shard_total,-1,10330.418
decode,instrumented,3,32,1,graph_sum,-1,66619.130
decode,instrumented,3,32,1,llama_decode_wall,-1,66786.196
decode,instrumented,3,32,1,outside_timed_stages,-1,167.066
decode,instrumented,4,32,1,embedding,-1,3.614
decode,instrumented,4,32,1,decoder_layer,0,1900.815
decode,instrumented,4,32,1,decoder_layer,1,3532.756
decode,instrumented,4,32,1,decoder_layer,2,1989.054
decode,instrumented,4,32,1,decoder_layer,3,2067.543
decode,instrumented,4,32,1,decoder_layer,4,2015.179
decode,instrumented,4,32,1,decoder_layer,5,2002.555
decode,instrumented,4,32,1,decoder_layer,6,1950.477
decode,instrumented,4,32,1,decoder_layer,7,1899.507
decode,instrumented,4,32,1,decoder_layer,8,2028.200
decode,instrumented,4,32,1,decoder_layer,9,1908.131
decode,instrumented,4,32,1,decoder_layer,10,1863.515
decode,instrumented,4,32,1,decoder_layer,11,1887.935
decode,instrumented,4,32,1,decoder_layer,12,1923.599
decode,instrumented,4,32,1,decoder_layer,13,1896.478
decode,instrumented,4,32,1,decoder_layer,14,1863.118
decode,instrumented,4,32,1,decoder_layer,15,1900.450
decode,instrumented,4,32,1,decoder_layer,16,2058.523
decode,instrumented,4,32,1,decoder_layer,17,2408.051
decode,instrumented,4,32,1,decoder_layer,18,2827.241
decode,instrumented,4,32,1,decoder_layer,19,1998.616
decode,instrumented,4,32,1,decoder_layer,20,1912.621
decode,instrumented,4,32,1,decoder_layer,21,1870.871
decode,instrumented,4,32,1,decoder_layer,22,1871.650
decode,instrumented,4,32,1,decoder_layer,23,1829.669
decode,instrumented,4,32,1,decoder_layer,24,1835.029
decode,instrumented,4,32,1,decoder_layer,25,2068.312
decode,instrumented,4,32,1,decoder_layer,26,1893.542
decode,instrumented,4,32,1,decoder_layer,27,1902.582
decode,instrumented,4,32,1,decoder_layers_total,-1,57106.019
decode,instrumented,4,32,1,decoder_shard_total,-1,57109.633
decode,instrumented,4,32,1,final_norm,-1,19.464
decode,instrumented,4,32,1,lm_head,-1,9870.265
decode,instrumented,4,32,1,head_shard_total,-1,9889.729
decode,instrumented,4,32,1,graph_sum,-1,66999.362
decode,instrumented,4,32,1,llama_decode_wall,-1,67137.642
decode,instrumented,4,32,1,outside_timed_stages,-1,138.280
decode,instrumented,5,32,1,embedding,-1,2.554
decode,instrumented,5,32,1,decoder_layer,0,1932.162
decode,instrumented,5,32,1,decoder_layer,1,1832.610
decode,instrumented,5,32,1,decoder_layer,2,1810.832
decode,instrumented,5,32,1,decoder_layer,3,1956.668
decode,instrumented,5,32,1,decoder_layer,4,1947.741
decode,instrumented,5,32,1,decoder_layer,5,1856.892
decode,instrumented,5,32,1,decoder_layer,6,1835.628
decode,instrumented,5,32,1,decoder_layer,7,1832.762
decode,instrumented,5,32,1,decoder_layer,8,1823.640
decode,instrumented,5,32,1,decoder_layer,9,2327.614
decode,instrumented,5,32,1,decoder_layer,10,1889.714
decode,instrumented,5,32,1,decoder_layer,11,1856.005
decode,instrumented,5,32,1,decoder_layer,12,1833.330
decode,instrumented,5,32,1,decoder_layer,13,1865.860
decode,instrumented,5,32,1,decoder_layer,14,1816.266
decode,instrumented,5,32,1,decoder_layer,15,1808.558
decode,instrumented,5,32,1,decoder_layer,16,1812.364
decode,instrumented,5,32,1,decoder_layer,17,1824.502
decode,instrumented,5,32,1,decoder_layer,18,1899.417
decode,instrumented,5,32,1,decoder_layer,19,1900.452
decode,instrumented,5,32,1,decoder_layer,20,1834.263
decode,instrumented,5,32,1,decoder_layer,21,1839.581
decode,instrumented,5,32,1,decoder_layer,22,1973.623
decode,instrumented,5,32,1,decoder_layer,23,1913.209
decode,instrumented,5,32,1,decoder_layer,24,1875.719
decode,instrumented,5,32,1,decoder_layer,25,1882.242
decode,instrumented,5,32,1,decoder_layer,26,1886.507
decode,instrumented,5,32,1,decoder_layer,27,2120.372
decode,instrumented,5,32,1,decoder_layers_total,-1,52988.533
decode,instrumented,5,32,1,decoder_shard_total,-1,52991.087
decode,instrumented,5,32,1,final_norm,-1,32.478
decode,instrumented,5,32,1,lm_head,-1,10059.977
decode,instrumented,5,32,1,head_shard_total,-1,10092.455
decode,instrumented,5,32,1,graph_sum,-1,63083.542
decode,instrumented,5,32,1,llama_decode_wall,-1,63227.645
decode,instrumented,5,32,1,outside_timed_stages,-1,144.103
decode,instrumented,6,32,1,embedding,-1,4.000
decode,instrumented,6,32,1,decoder_layer,0,1922.263
decode,instrumented,6,32,1,decoder_layer,1,1898.027
decode,instrumented,6,32,1,decoder_layer,2,2736.462
decode,instrumented,6,32,1,decoder_layer,3,1955.274
decode,instrumented,6,32,1,decoder_layer,4,3665.997
decode,instrumented,6,32,1,decoder_layer,5,1927.780
decode,instrumented,6,32,1,decoder_layer,6,2068.808
decode,instrumented,6,32,1,decoder_layer,7,2007.100
decode,instrumented,6,32,1,decoder_layer,8,2016.475
decode,instrumented,6,32,1,decoder_layer,9,2566.925
decode,instrumented,6,32,1,decoder_layer,10,5398.217
decode,instrumented,6,32,1,decoder_layer,11,2025.471
decode,instrumented,6,32,1,decoder_layer,12,2034.251
decode,instrumented,6,32,1,decoder_layer,13,2024.523
decode,instrumented,6,32,1,decoder_layer,14,1963.743
decode,instrumented,6,32,1,decoder_layer,15,2116.389
decode,instrumented,6,32,1,decoder_layer,16,2067.535
decode,instrumented,6,32,1,decoder_layer,17,1988.166
decode,instrumented,6,32,1,decoder_layer,18,1957.609
decode,instrumented,6,32,1,decoder_layer,19,1925.739
decode,instrumented,6,32,1,decoder_layer,20,1876.395
decode,instrumented,6,32,1,decoder_layer,21,1850.921
decode,instrumented,6,32,1,decoder_layer,22,1882.711
decode,instrumented,6,32,1,decoder_layer,23,1883.572
decode,instrumented,6,32,1,decoder_layer,24,2170.945
decode,instrumented,6,32,1,decoder_layer,25,1909.110
decode,instrumented,6,32,1,decoder_layer,26,1866.323
decode,instrumented,6,32,1,decoder_layer,27,1882.310
decode,instrumented,6,32,1,decoder_layers_total,-1,61589.041
decode,instrumented,6,32,1,decoder_shard_total,-1,61593.041
decode,instrumented,6,32,1,final_norm,-1,18.330
decode,instrumented,6,32,1,lm_head,-1,10109.801
decode,instrumented,6,32,1,head_shard_total,-1,10128.131
decode,instrumented,6,32,1,graph_sum,-1,71721.172
decode,instrumented,6,32,1,llama_decode_wall,-1,71888.835
decode,instrumented,6,32,1,outside_timed_stages,-1,167.663
decode,instrumented,7,32,1,embedding,-1,6.572
decode,instrumented,7,32,1,decoder_layer,0,2015.911
decode,instrumented,7,32,1,decoder_layer,1,1841.642
decode,instrumented,7,32,1,decoder_layer,2,1803.582
decode,instrumented,7,32,1,decoder_layer,3,1952.429
decode,instrumented,7,32,1,decoder_layer,4,1885.039
decode,instrumented,7,32,1,decoder_layer,5,1845.759
decode,instrumented,7,32,1,decoder_layer,6,1879.745
decode,instrumented,7,32,1,decoder_layer,7,1926.217
decode,instrumented,7,32,1,decoder_layer,8,2030.236
decode,instrumented,7,32,1,decoder_layer,9,1942.151
decode,instrumented,7,32,1,decoder_layer,10,1855.991
decode,instrumented,7,32,1,decoder_layer,11,1865.560
decode,instrumented,7,32,1,decoder_layer,12,1883.695
decode,instrumented,7,32,1,decoder_layer,13,1953.921
decode,instrumented,7,32,1,decoder_layer,14,1844.905
decode,instrumented,7,32,1,decoder_layer,15,1881.327
decode,instrumented,7,32,1,decoder_layer,16,1909.646
decode,instrumented,7,32,1,decoder_layer,17,2501.962
decode,instrumented,7,32,1,decoder_layer,18,1877.749
decode,instrumented,7,32,1,decoder_layer,19,1869.477
decode,instrumented,7,32,1,decoder_layer,20,2056.227
decode,instrumented,7,32,1,decoder_layer,21,1917.165
decode,instrumented,7,32,1,decoder_layer,22,1870.488
decode,instrumented,7,32,1,decoder_layer,23,1882.181
decode,instrumented,7,32,1,decoder_layer,24,1875.098
decode,instrumented,7,32,1,decoder_layer,25,2447.114
decode,instrumented,7,32,1,decoder_layer,26,2149.061
decode,instrumented,7,32,1,decoder_layer,27,2018.904
decode,instrumented,7,32,1,decoder_layers_total,-1,54783.182
decode,instrumented,7,32,1,decoder_shard_total,-1,54789.754
decode,instrumented,7,32,1,final_norm,-1,38.972
decode,instrumented,7,32,1,lm_head,-1,9806.451
decode,instrumented,7,32,1,head_shard_total,-1,9845.423
decode,instrumented,7,32,1,graph_sum,-1,64635.177
decode,instrumented,7,32,1,llama_decode_wall,-1,64810.801
decode,instrumented,7,32,1,outside_timed_stages,-1,175.624
decode,instrumented,8,32,1,embedding,-1,6.268
decode,instrumented,8,32,1,decoder_layer,0,1910.353
decode,instrumented,8,32,1,decoder_layer,1,1903.158
decode,instrumented,8,32,1,decoder_layer,2,1950.486
decode,instrumented,8,32,1,decoder_layer,3,1961.826
decode,instrumented,8,32,1,decoder_layer,4,1891.557
decode,instrumented,8,32,1,decoder_layer,5,1887.176
decode,instrumented,8,32,1,decoder_layer,6,1847.586
decode,instrumented,8,32,1,decoder_layer,7,1852.608
decode,instrumented,8,32,1,decoder_layer,8,1863.282
decode,instrumented,8,32,1,decoder_layer,9,2271.129
decode,instrumented,8,32,1,decoder_layer,10,1859.532
decode,instrumented,8,32,1,decoder_layer,11,1872.566
decode,instrumented,8,32,1,decoder_layer,12,1818.797
decode,instrumented,8,32,1,decoder_layer,13,1846.730
decode,instrumented,8,32,1,decoder_layer,14,2935.968
decode,instrumented,8,32,1,decoder_layer,15,1855.164
decode,instrumented,8,32,1,decoder_layer,16,1847.450
decode,instrumented,8,32,1,decoder_layer,17,1943.920
decode,instrumented,8,32,1,decoder_layer,18,1912.533
decode,instrumented,8,32,1,decoder_layer,19,1911.997
decode,instrumented,8,32,1,decoder_layer,20,1940.713
decode,instrumented,8,32,1,decoder_layer,21,2021.519
decode,instrumented,8,32,1,decoder_layer,22,1941.871
decode,instrumented,8,32,1,decoder_layer,23,1880.358
decode,instrumented,8,32,1,decoder_layer,24,2066.457
decode,instrumented,8,32,1,decoder_layer,25,2673.665
decode,instrumented,8,32,1,decoder_layer,26,2478.333
decode,instrumented,8,32,1,decoder_layer,27,1959.306
decode,instrumented,8,32,1,decoder_layers_total,-1,56106.040
decode,instrumented,8,32,1,decoder_shard_total,-1,56112.308
decode,instrumented,8,32,1,final_norm,-1,33.122
decode,instrumented,8,32,1,lm_head,-1,10484.150
decode,instrumented,8,32,1,head_shard_total,-1,10517.272
decode,instrumented,8,32,1,graph_sum,-1,66629.580
decode,instrumented,8,32,1,llama_decode_wall,-1,66821.259
decode,instrumented,8,32,1,outside_timed_stages,-1,191.679
decode,instrumented,9,32,1,embedding,-1,3.299
decode,instrumented,9,32,1,decoder_layer,0,2150.420
decode,instrumented,9,32,1,decoder_layer,1,2075.730
decode,instrumented,9,32,1,decoder_layer,2,2002.852
decode,instrumented,9,32,1,decoder_layer,3,2080.592
decode,instrumented,9,32,1,decoder_layer,4,2465.405
decode,instrumented,9,32,1,decoder_layer,5,1942.374
decode,instrumented,9,32,1,decoder_layer,6,1865.898
decode,instrumented,9,32,1,decoder_layer,7,1886.594
decode,instrumented,9,32,1,decoder_layer,8,2672.938
decode,instrumented,9,32,1,decoder_layer,9,2042.154
decode,instrumented,9,32,1,decoder_layer,10,2019.318
decode,instrumented,9,32,1,decoder_layer,11,2018.926
decode,instrumented,9,32,1,decoder_layer,12,1946.172
decode,instrumented,9,32,1,decoder_layer,13,1971.798
decode,instrumented,9,32,1,decoder_layer,14,2025.668
decode,instrumented,9,32,1,decoder_layer,15,1956.537
decode,instrumented,9,32,1,decoder_layer,16,2708.375
decode,instrumented,9,32,1,decoder_layer,17,2042.253
decode,instrumented,9,32,1,decoder_layer,18,1858.021
decode,instrumented,9,32,1,decoder_layer,19,1858.408
decode,instrumented,9,32,1,decoder_layer,20,1857.164
decode,instrumented,9,32,1,decoder_layer,21,1849.759
decode,instrumented,9,32,1,decoder_layer,22,1901.555
decode,instrumented,9,32,1,decoder_layer,23,1925.655
decode,instrumented,9,32,1,decoder_layer,24,2070.307
decode,instrumented,9,32,1,decoder_layer,25,2342.723
decode,instrumented,9,32,1,decoder_layer,26,1993.124
decode,instrumented,9,32,1,decoder_layer,27,1994.483
decode,instrumented,9,32,1,decoder_layers_total,-1,57525.203
decode,instrumented,9,32,1,decoder_shard_total,-1,57528.502
decode,instrumented,9,32,1,final_norm,-1,21.363
decode,instrumented,9,32,1,lm_head,-1,10306.357
decode,instrumented,9,32,1,head_shard_total,-1,10327.720
decode,instrumented,9,32,1,graph_sum,-1,67856.222
decode,instrumented,9,32,1,llama_decode_wall,-1,68012.467
decode,instrumented,9,32,1,outside_timed_stages,-1,156.245
decode,instrumented,10,32,1,embedding,-1,5.793
decode,instrumented,10,32,1,decoder_layer,0,2070.776
decode,instrumented,10,32,1,decoder_layer,1,2062.585
decode,instrumented,10,32,1,decoder_layer,2,4002.651
decode,instrumented,10,32,1,decoder_layer,3,1931.001
decode,instrumented,10,32,1,decoder_layer,4,1879.016
decode,instrumented,10,32,1,decoder_layer,5,1896.837
decode,instrumented,10,32,1,decoder_layer,6,1893.050
decode,instrumented,10,32,1,decoder_layer,7,2216.162
decode,instrumented,10,32,1,decoder_layer,8,1957.831
decode,instrumented,10,32,1,decoder_layer,9,1919.419
decode,instrumented,10,32,1,decoder_layer,10,1886.743
decode,instrumented,10,32,1,decoder_layer,11,4330.536
decode,instrumented,10,32,1,decoder_layer,12,1898.949
decode,instrumented,10,32,1,decoder_layer,13,1871.628
decode,instrumented,10,32,1,decoder_layer,14,2150.515
decode,instrumented,10,32,1,decoder_layer,15,1944.761
decode,instrumented,10,32,1,decoder_layer,16,1858.393
decode,instrumented,10,32,1,decoder_layer,17,1885.972
decode,instrumented,10,32,1,decoder_layer,18,1901.196
decode,instrumented,10,32,1,decoder_layer,19,2038.824
decode,instrumented,10,32,1,decoder_layer,20,1921.519
decode,instrumented,10,32,1,decoder_layer,21,1916.903
decode,instrumented,10,32,1,decoder_layer,22,1941.676
decode,instrumented,10,32,1,decoder_layer,23,2259.355
decode,instrumented,10,32,1,decoder_layer,24,2012.275
decode,instrumented,10,32,1,decoder_layer,25,2018.442
decode,instrumented,10,32,1,decoder_layer,26,2028.699
decode,instrumented,10,32,1,decoder_layer,27,2089.707
decode,instrumented,10,32,1,decoder_layers_total,-1,59785.421
decode,instrumented,10,32,1,decoder_shard_total,-1,59791.214
decode,instrumented,10,32,1,final_norm,-1,25.273
decode,instrumented,10,32,1,lm_head,-1,10057.354
decode,instrumented,10,32,1,head_shard_total,-1,10082.627
decode,instrumented,10,32,1,graph_sum,-1,69873.841
decode,instrumented,10,32,1,llama_decode_wall,-1,70035.793
decode,instrumented,10,32,1,outside_timed_stages,-1,161.952
decode,instrumented,11,32,1,embedding,-1,5.843
decode,instrumented,11,32,1,decoder_layer,0,1982.573
decode,instrumented,11,32,1,decoder_layer,1,3223.104
decode,instrumented,11,32,1,decoder_layer,2,1975.158
decode,instrumented,11,32,1,decoder_layer,3,1906.647
decode,instrumented,11,32,1,decoder_layer,4,1900.694
decode,instrumented,11,32,1,decoder_layer,5,2134.264
decode,instrumented,11,32,1,decoder_layer,6,2840.260
decode,instrumented,11,32,1,decoder_layer,7,2043.742
decode,instrumented,11,32,1,decoder_layer,8,1952.118
decode,instrumented,11,32,1,decoder_layer,9,1981.658
decode,instrumented,11,32,1,decoder_layer,10,1951.793
decode,instrumented,11,32,1,decoder_layer,11,1939.948
decode,instrumented,11,32,1,decoder_layer,12,1974.202
decode,instrumented,11,32,1,decoder_layer,13,1952.553
decode,instrumented,11,32,1,decoder_layer,14,2182.928
decode,instrumented,11,32,1,decoder_layer,15,2045.255
decode,instrumented,11,32,1,decoder_layer,16,3360.758
decode,instrumented,11,32,1,decoder_layer,17,1872.254
decode,instrumented,11,32,1,decoder_layer,18,1824.625
decode,instrumented,11,32,1,decoder_layer,19,1855.860
decode,instrumented,11,32,1,decoder_layer,20,1895.574
decode,instrumented,11,32,1,decoder_layer,21,2070.949
decode,instrumented,11,32,1,decoder_layer,22,2035.874
decode,instrumented,11,32,1,decoder_layer,23,1877.529
decode,instrumented,11,32,1,decoder_layer,24,1878.906
decode,instrumented,11,32,1,decoder_layer,25,2495.372
decode,instrumented,11,32,1,decoder_layer,26,1858.820
decode,instrumented,11,32,1,decoder_layer,27,1911.680
decode,instrumented,11,32,1,decoder_layers_total,-1,58925.098
decode,instrumented,11,32,1,decoder_shard_total,-1,58930.941
decode,instrumented,11,32,1,final_norm,-1,36.380
decode,instrumented,11,32,1,lm_head,-1,9982.563
decode,instrumented,11,32,1,head_shard_total,-1,10018.943
decode,instrumented,11,32,1,graph_sum,-1,68949.884
decode,instrumented,11,32,1,llama_decode_wall,-1,69126.355
decode,instrumented,11,32,1,outside_timed_stages,-1,176.471
decode,instrumented,12,32,1,embedding,-1,6.190
decode,instrumented,12,32,1,decoder_layer,0,2065.242
decode,instrumented,12,32,1,decoder_layer,1,1821.492
decode,instrumented,12,32,1,decoder_layer,2,1853.357
decode,instrumented,12,32,1,decoder_layer,3,1877.961
decode,instrumented,12,32,1,decoder_layer,4,1901.601
decode,instrumented,12,32,1,decoder_layer,5,2201.707
decode,instrumented,12,32,1,decoder_layer,6,2167.321
decode,instrumented,12,32,1,decoder_layer,7,1954.108
decode,instrumented,12,32,1,decoder_layer,8,2040.186
decode,instrumented,12,32,1,decoder_layer,9,2678.035
decode,instrumented,12,32,1,decoder_layer,10,1840.134
decode,instrumented,12,32,1,decoder_layer,11,1827.226
decode,instrumented,12,32,1,decoder_layer,12,1812.436
decode,instrumented,12,32,1,decoder_layer,13,1927.133
decode,instrumented,12,32,1,decoder_layer,14,2031.147
decode,instrumented,12,32,1,decoder_layer,15,2043.256
decode,instrumented,12,32,1,decoder_layer,16,2033.851
decode,instrumented,12,32,1,decoder_layer,17,2024.521
decode,instrumented,12,32,1,decoder_layer,18,1921.939
decode,instrumented,12,32,1,decoder_layer,19,1901.398
decode,instrumented,12,32,1,decoder_layer,20,2103.739
decode,instrumented,12,32,1,decoder_layer,21,2053.874
decode,instrumented,12,32,1,decoder_layer,22,2050.556
decode,instrumented,12,32,1,decoder_layer,23,1917.509
decode,instrumented,12,32,1,decoder_layer,24,1836.437
decode,instrumented,12,32,1,decoder_layer,25,2219.054
decode,instrumented,12,32,1,decoder_layer,26,1867.471
decode,instrumented,12,32,1,decoder_layer,27,1850.845
decode,instrumented,12,32,1,decoder_layers_total,-1,55823.536
decode,instrumented,12,32,1,decoder_shard_total,-1,55829.726
decode,instrumented,12,32,1,final_norm,-1,18.217
decode,instrumented,12,32,1,lm_head,-1,9975.403
decode,instrumented,12,32,1,head_shard_total,-1,9993.620
decode,instrumented,12,32,1,graph_sum,-1,65823.346
decode,instrumented,12,32,1,llama_decode_wall,-1,66016.356
decode,instrumented,12,32,1,outside_timed_stages,-1,193.010
decode,instrumented,13,32,1,embedding,-1,3.238
decode,instrumented,13,32,1,decoder_layer,0,2007.406
decode,instrumented,13,32,1,decoder_layer,1,1917.636
decode,instrumented,13,32,1,decoder_layer,2,1827.604
decode,instrumented,13,32,1,decoder_layer,3,1905.511
decode,instrumented,13,32,1,decoder_layer,4,1866.983
decode,instrumented,13,32,1,decoder_layer,5,1967.896
decode,instrumented,13,32,1,decoder_layer,6,2796.657
decode,instrumented,13,32,1,decoder_layer,7,1876.166
decode,instrumented,13,32,1,decoder_layer,8,3275.970
decode,instrumented,13,32,1,decoder_layer,9,1859.751
decode,instrumented,13,32,1,decoder_layer,10,2732.440
decode,instrumented,13,32,1,decoder_layer,11,1964.148
decode,instrumented,13,32,1,decoder_layer,12,1844.700
decode,instrumented,13,32,1,decoder_layer,13,2042.545
decode,instrumented,13,32,1,decoder_layer,14,1871.491
decode,instrumented,13,32,1,decoder_layer,15,1821.764
decode,instrumented,13,32,1,decoder_layer,16,1921.286
decode,instrumented,13,32,1,decoder_layer,17,3650.544
decode,instrumented,13,32,1,decoder_layer,18,1827.414
decode,instrumented,13,32,1,decoder_layer,19,1855.902
decode,instrumented,13,32,1,decoder_layer,20,2055.985
decode,instrumented,13,32,1,decoder_layer,21,2208.565
decode,instrumented,13,32,1,decoder_layer,22,2070.972
decode,instrumented,13,32,1,decoder_layer,23,2022.235
decode,instrumented,13,32,1,decoder_layer,24,1907.972
decode,instrumented,13,32,1,decoder_layer,25,1929.782
decode,instrumented,13,32,1,decoder_layer,26,1859.297
decode,instrumented,13,32,1,decoder_layer,27,3382.025
decode,instrumented,13,32,1,decoder_layers_total,-1,60270.647
decode,instrumented,13,32,1,decoder_shard_total,-1,60273.885
decode,instrumented,13,32,1,final_norm,-1,49.868
decode,instrumented,13,32,1,lm_head,-1,10091.150
decode,instrumented,13,32,1,head_shard_total,-1,10141.018
decode,instrumented,13,32,1,graph_sum,-1,70414.903
decode,instrumented,13,32,1,llama_decode_wall,-1,70582.756
decode,instrumented,13,32,1,outside_timed_stages,-1,167.853
decode,instrumented,14,32,1,embedding,-1,6.270
decode,instrumented,14,32,1,decoder_layer,0,2065.309
decode,instrumented,14,32,1,decoder_layer,1,1959.253
decode,instrumented,14,32,1,decoder_layer,2,1965.979
decode,instrumented,14,32,1,decoder_layer,3,2579.689
decode,instrumented,14,32,1,decoder_layer,4,2010.046
decode,instrumented,14,32,1,decoder_layer,5,1975.921
decode,instrumented,14,32,1,decoder_layer,6,1971.229
decode,instrumented,14,32,1,decoder_layer,7,2024.260
decode,instrumented,14,32,1,decoder_layer,8,1875.590
decode,instrumented,14,32,1,decoder_layer,9,1884.714
decode,instrumented,14,32,1,decoder_layer,10,1865.680
decode,instrumented,14,32,1,decoder_layer,11,1908.512
decode,instrumented,14,32,1,decoder_layer,12,2048.630
decode,instrumented,14,32,1,decoder_layer,13,1948.921
decode,instrumented,14,32,1,decoder_layer,14,1890.319
decode,instrumented,14,32,1,decoder_layer,15,2540.528
decode,instrumented,14,32,1,decoder_layer,16,2727.699
decode,instrumented,14,32,1,decoder_layer,17,1846.562
decode,instrumented,14,32,1,decoder_layer,18,1827.417
decode,instrumented,14,32,1,decoder_layer,19,1953.184
decode,instrumented,14,32,1,decoder_layer,20,2746.392
decode,instrumented,14,32,1,decoder_layer,21,1979.090
decode,instrumented,14,32,1,decoder_layer,22,2001.297
decode,instrumented,14,32,1,decoder_layer,23,1890.993
decode,instrumented,14,32,1,decoder_layer,24,1882.048
decode,instrumented,14,32,1,decoder_layer,25,1853.836
decode,instrumented,14,32,1,decoder_layer,26,1915.296
decode,instrumented,14,32,1,decoder_layer,27,1872.152
decode,instrumented,14,32,1,decoder_layers_total,-1,57010.546
decode,instrumented,14,32,1,decoder_shard_total,-1,57016.816
decode,instrumented,14,32,1,final_norm,-1,20.688
decode,instrumented,14,32,1,lm_head,-1,10297.470
decode,instrumented,14,32,1,head_shard_total,-1,10318.158
decode,instrumented,14,32,1,graph_sum,-1,67334.974
decode,instrumented,14,32,1,llama_decode_wall,-1,67526.306
decode,instrumented,14,32,1,outside_timed_stages,-1,191.332
decode,instrumented,15,32,1,embedding,-1,6.268
decode,instrumented,15,32,1,decoder_layer,0,1965.660
decode,instrumented,15,32,1,decoder_layer,1,1842.002
decode,instrumented,15,32,1,decoder_layer,2,1859.057
decode,instrumented,15,32,1,decoder_layer,3,2022.749
decode,instrumented,15,32,1,decoder_layer,4,2071.386
decode,instrumented,15,32,1,decoder_layer,5,2013.211
decode,instrumented,15,32,1,decoder_layer,6,2114.332
decode,instrumented,15,32,1,decoder_layer,7,2155.186
decode,instrumented,15,32,1,decoder_layer,8,2367.068
decode,instrumented,15,32,1,decoder_layer,9,1884.463
decode,instrumented,15,32,1,decoder_layer,10,1890.206
decode,instrumented,15,32,1,decoder_layer,11,2032.770
decode,instrumented,15,32,1,decoder_layer,12,2027.662
decode,instrumented,15,32,1,decoder_layer,13,1861.744
decode,instrumented,15,32,1,decoder_layer,14,1872.812
decode,instrumented,15,32,1,decoder_layer,15,1846.175
decode,instrumented,15,32,1,decoder_layer,16,1811.941
decode,instrumented,15,32,1,decoder_layer,17,1833.065
decode,instrumented,15,32,1,decoder_layer,18,1852.078
decode,instrumented,15,32,1,decoder_layer,19,2011.102
decode,instrumented,15,32,1,decoder_layer,20,2178.817
decode,instrumented,15,32,1,decoder_layer,21,1900.799
decode,instrumented,15,32,1,decoder_layer,22,1847.778
decode,instrumented,15,32,1,decoder_layer,23,2021.559
decode,instrumented,15,32,1,decoder_layer,24,1848.745
decode,instrumented,15,32,1,decoder_layer,25,1830.637
decode,instrumented,15,32,1,decoder_layer,26,1832.085
decode,instrumented,15,32,1,decoder_layer,27,1857.733
decode,instrumented,15,32,1,decoder_layers_total,-1,54652.822
decode,instrumented,15,32,1,decoder_shard_total,-1,54659.090
decode,instrumented,15,32,1,final_norm,-1,21.184
decode,instrumented,15,32,1,lm_head,-1,10033.453
decode,instrumented,15,32,1,head_shard_total,-1,10054.637
decode,instrumented,15,32,1,graph_sum,-1,64713.727
decode,instrumented,15,32,1,llama_decode_wall,-1,64895.628
decode,instrumented,15,32,1,outside_timed_stages,-1,181.901
decode,instrumented,16,32,1,embedding,-1,6.117
decode,instrumented,16,32,1,decoder_layer,0,1870.921
decode,instrumented,16,32,1,decoder_layer,1,1818.359
decode,instrumented,16,32,1,decoder_layer,2,1946.326
decode,instrumented,16,32,1,decoder_layer,3,1822.424
decode,instrumented,16,32,1,decoder_layer,4,1869.512
decode,instrumented,16,32,1,decoder_layer,5,1900.846
decode,instrumented,16,32,1,decoder_layer,6,1823.056
decode,instrumented,16,32,1,decoder_layer,7,1838.179
decode,instrumented,16,32,1,decoder_layer,8,1851.056
decode,instrumented,16,32,1,decoder_layer,9,1842.883
decode,instrumented,16,32,1,decoder_layer,10,1868.854
decode,instrumented,16,32,1,decoder_layer,11,2161.018
decode,instrumented,16,32,1,decoder_layer,12,2019.618
decode,instrumented,16,32,1,decoder_layer,13,2005.682
decode,instrumented,16,32,1,decoder_layer,14,1849.483
decode,instrumented,16,32,1,decoder_layer,15,1821.599
decode,instrumented,16,32,1,decoder_layer,16,1902.640
decode,instrumented,16,32,1,decoder_layer,17,1841.048
decode,instrumented,16,32,1,decoder_layer,18,1818.384
decode,instrumented,16,32,1,decoder_layer,19,1827.161
decode,instrumented,16,32,1,decoder_layer,20,2029.487
decode,instrumented,16,32,1,decoder_layer,21,2041.065
decode,instrumented,16,32,1,decoder_layer,22,1926.264
decode,instrumented,16,32,1,decoder_layer,23,2021.432
decode,instrumented,16,32,1,decoder_layer,24,1829.323
decode,instrumented,16,32,1,decoder_layer,25,2683.836
decode,instrumented,16,32,1,decoder_layer,26,1884.007
decode,instrumented,16,32,1,decoder_layer,27,1907.614
decode,instrumented,16,32,1,decoder_layers_total,-1,54022.077
decode,instrumented,16,32,1,decoder_shard_total,-1,54028.194
decode,instrumented,16,32,1,final_norm,-1,19.192
decode,instrumented,16,32,1,lm_head,-1,9932.462
decode,instrumented,16,32,1,head_shard_total,-1,9951.654
decode,instrumented,16,32,1,graph_sum,-1,63979.848
decode,instrumented,16,32,1,llama_decode_wall,-1,64156.851
decode,instrumented,16,32,1,outside_timed_stages,-1,177.003
decode,instrumented,17,32,1,embedding,-1,4.013
decode,instrumented,17,32,1,decoder_layer,0,1896.834
decode,instrumented,17,32,1,decoder_layer,1,1820.082
decode,instrumented,17,32,1,decoder_layer,2,2002.999
decode,instrumented,17,32,1,decoder_layer,3,1953.600
decode,instrumented,17,32,1,decoder_layer,4,1861.563
decode,instrumented,17,32,1,decoder_layer,5,2092.376
decode,instrumented,17,32,1,decoder_layer,6,1934.898
decode,instrumented,17,32,1,decoder_layer,7,1905.775
decode,instrumented,17,32,1,decoder_layer,8,1999.270
decode,instrumented,17,32,1,decoder_layer,9,2006.124
decode,instrumented,17,32,1,decoder_layer,10,1998.300
decode,instrumented,17,32,1,decoder_layer,11,1975.462
decode,instrumented,17,32,1,decoder_layer,12,1987.182
decode,instrumented,17,32,1,decoder_layer,13,1999.508
decode,instrumented,17,32,1,decoder_layer,14,2041.462
decode,instrumented,17,32,1,decoder_layer,15,1915.740
decode,instrumented,17,32,1,decoder_layer,16,1946.993
decode,instrumented,17,32,1,decoder_layer,17,1991.034
decode,instrumented,17,32,1,decoder_layer,18,1985.342
decode,instrumented,17,32,1,decoder_layer,19,1952.352
decode,instrumented,17,32,1,decoder_layer,20,1885.135
decode,instrumented,17,32,1,decoder_layer,21,1853.713
decode,instrumented,17,32,1,decoder_layer,22,1973.549
decode,instrumented,17,32,1,decoder_layer,23,1881.469
decode,instrumented,17,32,1,decoder_layer,24,1832.819
decode,instrumented,17,32,1,decoder_layer,25,1859.097
decode,instrumented,17,32,1,decoder_layer,26,1893.458
decode,instrumented,17,32,1,decoder_layer,27,2003.653
decode,instrumented,17,32,1,decoder_layers_total,-1,54449.789
decode,instrumented,17,32,1,decoder_shard_total,-1,54453.802
decode,instrumented,17,32,1,final_norm,-1,26.467
decode,instrumented,17,32,1,lm_head,-1,10128.356
decode,instrumented,17,32,1,head_shard_total,-1,10154.823
decode,instrumented,17,32,1,graph_sum,-1,64608.625
decode,instrumented,17,32,1,llama_decode_wall,-1,64772.027
decode,instrumented,17,32,1,outside_timed_stages,-1,163.402
decode,instrumented,18,32,1,embedding,-1,5.577
decode,instrumented,18,32,1,decoder_layer,0,2010.469
decode,instrumented,18,32,1,decoder_layer,1,2113.745
decode,instrumented,18,32,1,decoder_layer,2,2023.051
decode,instrumented,18,32,1,decoder_layer,3,2053.127
decode,instrumented,18,32,1,decoder_layer,4,1918.561
decode,instrumented,18,32,1,decoder_layer,5,1862.428
decode,instrumented,18,32,1,decoder_layer,6,2016.280
decode,instrumented,18,32,1,decoder_layer,7,1989.312
decode,instrumented,18,32,1,decoder_layer,8,1956.273
decode,instrumented,18,32,1,decoder_layer,9,2017.964
decode,instrumented,18,32,1,decoder_layer,10,2002.797
decode,instrumented,18,32,1,decoder_layer,11,1935.274
decode,instrumented,18,32,1,decoder_layer,12,2035.188
decode,instrumented,18,32,1,decoder_layer,13,1962.967
decode,instrumented,18,32,1,decoder_layer,14,3123.840
decode,instrumented,18,32,1,decoder_layer,15,1948.714
decode,instrumented,18,32,1,decoder_layer,16,1899.058
decode,instrumented,18,32,1,decoder_layer,17,1908.258
decode,instrumented,18,32,1,decoder_layer,18,1900.147
decode,instrumented,18,32,1,decoder_layer,19,1900.846
decode,instrumented,18,32,1,decoder_layer,20,2158.455
decode,instrumented,18,32,1,decoder_layer,21,1869.291
decode,instrumented,18,32,1,decoder_layer,22,1996.573
decode,instrumented,18,32,1,decoder_layer,23,1905.673
decode,instrumented,18,32,1,decoder_layer,24,1894.985
decode,instrumented,18,32,1,decoder_layer,25,1956.101
decode,instrumented,18,32,1,decoder_layer,26,2868.895
decode,instrumented,18,32,1,decoder_layer,27,1860.134
decode,instrumented,18,32,1,decoder_layers_total,-1,57088.406
decode,instrumented,18,32,1,decoder_shard_total,-1,57093.983
decode,instrumented,18,32,1,final_norm,-1,36.757
decode,instrumented,18,32,1,lm_head,-1,10060.591
decode,instrumented,18,32,1,head_shard_total,-1,10097.348
decode,instrumented,18,32,1,graph_sum,-1,67191.331
decode,instrumented,18,32,1,llama_decode_wall,-1,67373.104
decode,instrumented,18,32,1,outside_timed_stages,-1,181.773
decode,instrumented,19,32,1,embedding,-1,6.409
decode,instrumented,19,32,1,decoder_layer,0,1985.331
decode,instrumented,19,32,1,decoder_layer,1,1913.737
decode,instrumented,19,32,1,decoder_layer,2,1840.108
decode,instrumented,19,32,1,decoder_layer,3,1872.776
decode,instrumented,19,32,1,decoder_layer,4,1885.006
decode,instrumented,19,32,1,decoder_layer,5,1845.594
decode,instrumented,19,32,1,decoder_layer,6,2170.654
decode,instrumented,19,32,1,decoder_layer,7,1924.311
decode,instrumented,19,32,1,decoder_layer,8,3981.806
decode,instrumented,19,32,1,decoder_layer,9,1982.980
decode,instrumented,19,32,1,decoder_layer,10,1908.109
decode,instrumented,19,32,1,decoder_layer,11,1916.213
decode,instrumented,19,32,1,decoder_layer,12,1813.935
decode,instrumented,19,32,1,decoder_layer,13,2066.350
decode,instrumented,19,32,1,decoder_layer,14,1875.157
decode,instrumented,19,32,1,decoder_layer,15,1839.247
decode,instrumented,19,32,1,decoder_layer,16,1823.075
decode,instrumented,19,32,1,decoder_layer,17,1839.634
decode,instrumented,19,32,1,decoder_layer,18,1814.121
decode,instrumented,19,32,1,decoder_layer,19,1803.417
decode,instrumented,19,32,1,decoder_layer,20,1869.594
decode,instrumented,19,32,1,decoder_layer,21,1847.023
decode,instrumented,19,32,1,decoder_layer,22,1933.344
decode,instrumented,19,32,1,decoder_layer,23,2306.669
decode,instrumented,19,32,1,decoder_layer,24,1871.463
decode,instrumented,19,32,1,decoder_layer,25,1842.445
decode,instrumented,19,32,1,decoder_layer,26,1935.298
decode,instrumented,19,32,1,decoder_layer,27,1886.356
decode,instrumented,19,32,1,decoder_layers_total,-1,55593.753
decode,instrumented,19,32,1,decoder_shard_total,-1,55600.162
decode,instrumented,19,32,1,final_norm,-1,43.614
decode,instrumented,19,32,1,lm_head,-1,10084.178
decode,instrumented,19,32,1,head_shard_total,-1,10127.792
decode,instrumented,19,32,1,graph_sum,-1,65727.954
decode,instrumented,19,32,1,llama_decode_wall,-1,65908.805
decode,instrumented,19,32,1,outside_timed_stages,-1,180.851
decode,instrumented,20,32,1,embedding,-1,3.919
decode,instrumented,20,32,1,decoder_layer,0,1896.758
decode,instrumented,20,32,1,decoder_layer,1,1885.565
decode,instrumented,20,32,1,decoder_layer,2,1827.881
decode,instrumented,20,32,1,decoder_layer,3,1851.383
decode,instrumented,20,32,1,decoder_layer,4,2504.901
decode,instrumented,20,32,1,decoder_layer,5,1904.815
decode,instrumented,20,32,1,decoder_layer,6,1956.155
decode,instrumented,20,32,1,decoder_layer,7,2095.751
decode,instrumented,20,32,1,decoder_layer,8,1900.017
decode,instrumented,20,32,1,decoder_layer,9,1920.032
decode,instrumented,20,32,1,decoder_layer,10,1988.325
decode,instrumented,20,32,1,decoder_layer,11,1837.638
decode,instrumented,20,32,1,decoder_layer,12,1818.135
decode,instrumented,20,32,1,decoder_layer,13,1811.157
decode,instrumented,20,32,1,decoder_layer,14,1816.333
decode,instrumented,20,32,1,decoder_layer,15,1986.534
decode,instrumented,20,32,1,decoder_layer,16,1883.933
decode,instrumented,20,32,1,decoder_layer,17,1951.995
decode,instrumented,20,32,1,decoder_layer,18,1833.863
decode,instrumented,20,32,1,decoder_layer,19,1835.696
decode,instrumented,20,32,1,decoder_layer,20,1890.593
decode,instrumented,20,32,1,decoder_layer,21,1866.757
decode,instrumented,20,32,1,decoder_layer,22,1842.420
decode,instrumented,20,32,1,decoder_layer,23,1981.957
decode,instrumented,20,32,1,decoder_layer,24,1918.565
decode,instrumented,20,32,1,decoder_layer,25,1821.419
decode,instrumented,20,32,1,decoder_layer,26,1883.411
decode,instrumented,20,32,1,decoder_layer,27,1851.567
decode,instrumented,20,32,1,decoder_layers_total,-1,53563.556
decode,instrumented,20,32,1,decoder_shard_total,-1,53567.475
decode,instrumented,20,32,1,final_norm,-1,32.416
decode,instrumented,20,32,1,lm_head,-1,10169.602
decode,instrumented,20,32,1,head_shard_total,-1,10202.018
decode,instrumented,20,32,1,graph_sum,-1,63769.493
decode,instrumented,20,32,1,llama_decode_wall,-1,63941.499
decode,instrumented,20,32,1,outside_timed_stages,-1,172.006
decode,instrumented,21,32,1,embedding,-1,5.908
decode,instrumented,21,32,1,decoder_layer,0,1867.971
decode,instrumented,21,32,1,decoder_layer,1,1867.425
decode,instrumented,21,32,1,decoder_layer,2,1799.949
decode,instrumented,21,32,1,decoder_layer,3,1888.136
decode,instrumented,21,32,1,decoder_layer,4,1830.641
decode,instrumented,21,32,1,decoder_layer,5,1843.522
decode,instrumented,21,32,1,decoder_layer,6,1922.235
decode,instrumented,21,32,1,decoder_layer,7,1851.828
decode,instrumented,21,32,1,decoder_layer,8,2186.495
decode,instrumented,21,32,1,decoder_layer,9,1880.292
decode,instrumented,21,32,1,decoder_layer,10,1812.700
decode,instrumented,21,32,1,decoder_layer,11,1843.673
decode,instrumented,21,32,1,decoder_layer,12,1805.471
decode,instrumented,21,32,1,decoder_layer,13,3583.618
decode,instrumented,21,32,1,decoder_layer,14,1834.026
decode,instrumented,21,32,1,decoder_layer,15,1824.133
decode,instrumented,21,32,1,decoder_layer,16,2026.472
decode,instrumented,21,32,1,decoder_layer,17,1968.363
decode,instrumented,21,32,1,decoder_layer,18,1845.655
decode,instrumented,21,32,1,decoder_layer,19,1882.609
decode,instrumented,21,32,1,decoder_layer,20,1930.419
decode,instrumented,21,32,1,decoder_layer,21,1886.475
decode,instrumented,21,32,1,decoder_layer,22,1971.628
decode,instrumented,21,32,1,decoder_layer,23,4222.624
decode,instrumented,21,32,1,decoder_layer,24,2003.770
decode,instrumented,21,32,1,decoder_layer,25,1878.796
decode,instrumented,21,32,1,decoder_layer,26,1819.705
decode,instrumented,21,32,1,decoder_layer,27,1876.086
decode,instrumented,21,32,1,decoder_layers_total,-1,56954.717
decode,instrumented,21,32,1,decoder_shard_total,-1,56960.625
decode,instrumented,21,32,1,final_norm,-1,18.438
decode,instrumented,21,32,1,lm_head,-1,9713.347
decode,instrumented,21,32,1,head_shard_total,-1,9731.785
decode,instrumented,21,32,1,graph_sum,-1,66692.410
decode,instrumented,21,32,1,llama_decode_wall,-1,66831.119
decode,instrumented,21,32,1,outside_timed_stages,-1,138.709
decode,instrumented,22,32,1,embedding,-1,6.511
decode,instrumented,22,32,1,decoder_layer,0,1878.824
decode,instrumented,22,32,1,decoder_layer,1,1928.420
decode,instrumented,22,32,1,decoder_layer,2,1961.594
decode,instrumented,22,32,1,decoder_layer,3,1903.596
decode,instrumented,22,32,1,decoder_layer,4,1830.365
decode,instrumented,22,32,1,decoder_layer,5,2592.582
decode,instrumented,22,32,1,decoder_layer,6,1817.627
decode,instrumented,22,32,1,decoder_layer,7,1899.497
decode,instrumented,22,32,1,decoder_layer,8,1858.947
decode,instrumented,22,32,1,decoder_layer,9,4141.538
decode,instrumented,22,32,1,decoder_layer,10,1836.528
decode,instrumented,22,32,1,decoder_layer,11,1833.921
decode,instrumented,22,32,1,decoder_layer,12,1876.890
decode,instrumented,22,32,1,decoder_layer,13,1875.369
decode,instrumented,22,32,1,decoder_layer,14,1907.127
decode,instrumented,22,32,1,decoder_layer,15,2030.919
decode,instrumented,22,32,1,decoder_layer,16,1937.217
decode,instrumented,22,32,1,decoder_layer,17,4110.437
decode,instrumented,22,32,1,decoder_layer,18,1987.834
decode,instrumented,22,32,1,decoder_layer,19,1838.800
decode,instrumented,22,32,1,decoder_layer,20,1848.844
decode,instrumented,22,32,1,decoder_layer,21,2079.939
decode,instrumented,22,32,1,decoder_layer,22,1905.748
decode,instrumented,22,32,1,decoder_layer,23,2703.784
decode,instrumented,22,32,1,decoder_layer,24,1894.416
decode,instrumented,22,32,1,decoder_layer,25,2043.832
decode,instrumented,22,32,1,decoder_layer,26,2038.302
decode,instrumented,22,32,1,decoder_layer,27,2098.207
decode,instrumented,22,32,1,decoder_layers_total,-1,59661.104
decode,instrumented,22,32,1,decoder_shard_total,-1,59667.615
decode,instrumented,22,32,1,final_norm,-1,43.985
decode,instrumented,22,32,1,lm_head,-1,10372.361
decode,instrumented,22,32,1,head_shard_total,-1,10416.346
decode,instrumented,22,32,1,graph_sum,-1,70083.961
decode,instrumented,22,32,1,llama_decode_wall,-1,70280.560
decode,instrumented,22,32,1,outside_timed_stages,-1,196.599
decode,instrumented,23,32,1,embedding,-1,3.451
decode,instrumented,23,32,1,decoder_layer,0,1921.295
decode,instrumented,23,32,1,decoder_layer,1,3196.876
decode,instrumented,23,32,1,decoder_layer,2,1828.088
decode,instrumented,23,32,1,decoder_layer,3,1871.874
decode,instrumented,23,32,1,decoder_layer,4,1874.384
decode,instrumented,23,32,1,decoder_layer,5,2530.950
decode,instrumented,23,32,1,decoder_layer,6,1888.941
decode,instrumented,23,32,1,decoder_layer,7,1840.168
decode,instrumented,23,32,1,decoder_layer,8,1852.359
decode,instrumented,23,32,1,decoder_layer,9,1895.582
decode,instrumented,23,32,1,decoder_layer,10,1852.958
decode,instrumented,23,32,1,decoder_layer,11,1873.720
decode,instrumented,23,32,1,decoder_layer,12,1891.065
decode,instrumented,23,32,1,decoder_layer,13,2029.635
decode,instrumented,23,32,1,decoder_layer,14,1918.490
decode,instrumented,23,32,1,decoder_layer,15,1908.247
decode,instrumented,23,32,1,decoder_layer,16,1913.329
decode,instrumented,23,32,1,decoder_layer,17,1856.417
decode,instrumented,23,32,1,decoder_layer,18,1879.322
decode,instrumented,23,32,1,decoder_layer,19,1858.046
decode,instrumented,23,32,1,decoder_layer,20,1878.840
decode,instrumented,23,32,1,decoder_layer,21,1902.439
decode,instrumented,23,32,1,decoder_layer,22,2006.397
decode,instrumented,23,32,1,decoder_layer,23,1921.215
decode,instrumented,23,32,1,decoder_layer,24,1849.942
decode,instrumented,23,32,1,decoder_layer,25,1859.441
decode,instrumented,23,32,1,decoder_layer,26,1932.754
decode,instrumented,23,32,1,decoder_layer,27,1905.956
decode,instrumented,23,32,1,decoder_layers_total,-1,54938.730
decode,instrumented,23,32,1,decoder_shard_total,-1,54942.181
decode,instrumented,23,32,1,final_norm,-1,22.323
decode,instrumented,23,32,1,lm_head,-1,10048.292
decode,instrumented,23,32,1,head_shard_total,-1,10070.615
decode,instrumented,23,32,1,graph_sum,-1,65012.796
decode,instrumented,23,32,1,llama_decode_wall,-1,65180.945
decode,instrumented,23,32,1,outside_timed_stages,-1,168.149
decode,instrumented,24,32,1,embedding,-1,4.064
decode,instrumented,24,32,1,decoder_layer,0,1843.972
decode,instrumented,24,32,1,decoder_layer,1,3180.022
decode,instrumented,24,32,1,decoder_layer,2,1868.655
decode,instrumented,24,32,1,decoder_layer,3,1912.686
decode,instrumented,24,32,1,decoder_layer,4,1873.522
decode,instrumented,24,32,1,decoder_layer,5,1979.912
decode,instrumented,24,32,1,decoder_layer,6,2201.978
decode,instrumented,24,32,1,decoder_layer,7,2421.028
decode,instrumented,24,32,1,decoder_layer,8,1829.116
decode,instrumented,24,32,1,decoder_layer,9,1906.910
decode,instrumented,24,32,1,decoder_layer,10,2560.367
decode,instrumented,24,32,1,decoder_layer,11,2061.533
decode,instrumented,24,32,1,decoder_layer,12,1860.305
decode,instrumented,24,32,1,decoder_layer,13,1884.876
decode,instrumented,24,32,1,decoder_layer,14,1970.215
decode,instrumented,24,32,1,decoder_layer,15,1882.105
decode,instrumented,24,32,1,decoder_layer,16,1820.943
decode,instrumented,24,32,1,decoder_layer,17,1853.262
decode,instrumented,24,32,1,decoder_layer,18,1862.461
decode,instrumented,24,32,1,decoder_layer,19,1857.112
decode,instrumented,24,32,1,decoder_layer,20,1925.388
decode,instrumented,24,32,1,decoder_layer,21,1880.266
decode,instrumented,24,32,1,decoder_layer,22,1957.540
decode,instrumented,24,32,1,decoder_layer,23,1902.768
decode,instrumented,24,32,1,decoder_layer,24,1879.021
decode,instrumented,24,32,1,decoder_layer,25,1850.901
decode,instrumented,24,32,1,decoder_layer,26,1890.250
decode,instrumented,24,32,1,decoder_layer,27,1882.852
decode,instrumented,24,32,1,decoder_layers_total,-1,55799.966
decode,instrumented,24,32,1,decoder_shard_total,-1,55804.030
decode,instrumented,24,32,1,final_norm,-1,19.332
decode,instrumented,24,32,1,lm_head,-1,10350.506
decode,instrumented,24,32,1,head_shard_total,-1,10369.838
decode,instrumented,24,32,1,graph_sum,-1,66173.868
decode,instrumented,24,32,1,llama_decode_wall,-1,66341.588
decode,instrumented,24,32,1,outside_timed_stages,-1,167.720
decode,instrumented,25,32,1,embedding,-1,4.153
decode,instrumented,25,32,1,decoder_layer,0,1848.366
decode,instrumented,25,32,1,decoder_layer,1,1839.125
decode,instrumented,25,32,1,decoder_layer,2,1893.667
decode,instrumented,25,32,1,decoder_layer,3,1872.805
decode,instrumented,25,32,1,decoder_layer,4,1886.273
decode,instrumented,25,32,1,decoder_layer,5,1977.002
decode,instrumented,25,32,1,decoder_layer,6,1969.121
decode,instrumented,25,32,1,decoder_layer,7,2063.315
decode,instrumented,25,32,1,decoder_layer,8,1976.270
decode,instrumented,25,32,1,decoder_layer,9,1946.791
decode,instrumented,25,32,1,decoder_layer,10,1946.423
decode,instrumented,25,32,1,decoder_layer,11,2000.688
decode,instrumented,25,32,1,decoder_layer,12,2116.516
decode,instrumented,25,32,1,decoder_layer,13,2206.206
decode,instrumented,25,32,1,decoder_layer,14,2027.060
decode,instrumented,25,32,1,decoder_layer,15,1950.010
decode,instrumented,25,32,1,decoder_layer,16,1861.686
decode,instrumented,25,32,1,decoder_layer,17,1908.327
decode,instrumented,25,32,1,decoder_layer,18,2408.098
decode,instrumented,25,32,1,decoder_layer,19,1964.290
decode,instrumented,25,32,1,decoder_layer,20,1859.064
decode,instrumented,25,32,1,decoder_layer,21,1864.758
decode,instrumented,25,32,1,decoder_layer,22,1868.750
decode,instrumented,25,32,1,decoder_layer,23,2215.062
decode,instrumented,25,32,1,decoder_layer,24,1851.019
decode,instrumented,25,32,1,decoder_layer,25,1855.283
decode,instrumented,25,32,1,decoder_layer,26,1854.240
decode,instrumented,25,32,1,decoder_layer,27,2082.510
decode,instrumented,25,32,1,decoder_layers_total,-1,55112.725
decode,instrumented,25,32,1,decoder_shard_total,-1,55116.878
decode,instrumented,25,32,1,final_norm,-1,31.834
decode,instrumented,25,32,1,lm_head,-1,10125.355
decode,instrumented,25,32,1,head_shard_total,-1,10157.189
decode,instrumented,25,32,1,graph_sum,-1,65274.067
decode,instrumented,25,32,1,llama_decode_wall,-1,65419.566
decode,instrumented,25,32,1,outside_timed_stages,-1,145.499
decode,instrumented,26,32,1,embedding,-1,6.734
decode,instrumented,26,32,1,decoder_layer,0,1997.028
decode,instrumented,26,32,1,decoder_layer,1,1856.159
decode,instrumented,26,32,1,decoder_layer,2,1972.031
decode,instrumented,26,32,1,decoder_layer,3,1992.073
decode,instrumented,26,32,1,decoder_layer,4,1881.111
decode,instrumented,26,32,1,decoder_layer,5,1854.448
decode,instrumented,26,32,1,decoder_layer,6,1865.274
decode,instrumented,26,32,1,decoder_layer,7,2198.187
decode,instrumented,26,32,1,decoder_layer,8,2804.066
decode,instrumented,26,32,1,decoder_layer,9,1820.670
decode,instrumented,26,32,1,decoder_layer,10,1848.794
decode,instrumented,26,32,1,decoder_layer,11,1850.772
decode,instrumented,26,32,1,decoder_layer,12,1786.795
decode,instrumented,26,32,1,decoder_layer,13,1799.401
decode,instrumented,26,32,1,decoder_layer,14,1929.550
decode,instrumented,26,32,1,decoder_layer,15,1954.062
decode,instrumented,26,32,1,decoder_layer,16,1967.966
decode,instrumented,26,32,1,decoder_layer,17,1885.833
decode,instrumented,26,32,1,decoder_layer,18,1865.133
decode,instrumented,26,32,1,decoder_layer,19,1862.226
decode,instrumented,26,32,1,decoder_layer,20,2011.476
decode,instrumented,26,32,1,decoder_layer,21,1984.479
decode,instrumented,26,32,1,decoder_layer,22,1978.074
decode,instrumented,26,32,1,decoder_layer,23,3053.381
decode,instrumented,26,32,1,decoder_layer,24,2108.096
decode,instrumented,26,32,1,decoder_layer,25,1857.250
decode,instrumented,26,32,1,decoder_layer,26,1832.607
decode,instrumented,26,32,1,decoder_layer,27,1862.648
decode,instrumented,26,32,1,decoder_layers_total,-1,55679.590
decode,instrumented,26,32,1,decoder_shard_total,-1,55686.324
decode,instrumented,26,32,1,final_norm,-1,22.621
decode,instrumented,26,32,1,lm_head,-1,11001.996
decode,instrumented,26,32,1,head_shard_total,-1,11024.617
decode,instrumented,26,32,1,graph_sum,-1,66710.941
decode,instrumented,26,32,1,llama_decode_wall,-1,66873.939
decode,instrumented,26,32,1,outside_timed_stages,-1,162.998
decode,instrumented,27,32,1,embedding,-1,4.720
decode,instrumented,27,32,1,decoder_layer,0,1891.497
decode,instrumented,27,32,1,decoder_layer,1,2082.560
decode,instrumented,27,32,1,decoder_layer,2,2318.550
decode,instrumented,27,32,1,decoder_layer,3,1843.850
decode,instrumented,27,32,1,decoder_layer,4,1878.316
decode,instrumented,27,32,1,decoder_layer,5,1994.853
decode,instrumented,27,32,1,decoder_layer,6,1977.066
decode,instrumented,27,32,1,decoder_layer,7,1934.771
decode,instrumented,27,32,1,decoder_layer,8,1877.347
decode,instrumented,27,32,1,decoder_layer,9,2419.740
decode,instrumented,27,32,1,decoder_layer,10,1843.732
decode,instrumented,27,32,1,decoder_layer,11,1855.388
decode,instrumented,27,32,1,decoder_layer,12,1797.187
decode,instrumented,27,32,1,decoder_layer,13,1826.554
decode,instrumented,27,32,1,decoder_layer,14,2011.949
decode,instrumented,27,32,1,decoder_layer,15,2977.063
decode,instrumented,27,32,1,decoder_layer,16,2663.681
decode,instrumented,27,32,1,decoder_layer,17,1833.677
decode,instrumented,27,32,1,decoder_layer,18,1868.602
decode,instrumented,27,32,1,decoder_layer,19,1858.022
decode,instrumented,27,32,1,decoder_layer,20,1815.755
decode,instrumented,27,32,1,decoder_layer,21,1847.776
decode,instrumented,27,32,1,decoder_layer,22,1982.812
decode,instrumented,27,32,1,decoder_layer,23,2274.031
decode,instrumented,27,32,1,decoder_layer,24,1990.422
decode,instrumented,27,32,1,decoder_layer,25,2015.365
decode,instrumented,27,32,1,decoder_layer,26,2080.630
decode,instrumented,27,32,1,decoder_layer,27,2089.667
decode,instrumented,27,32,1,decoder_layers_total,-1,56850.863
decode,instrumented,27,32,1,decoder_shard_total,-1,56855.583
decode,instrumented,27,32,1,final_norm,-1,24.889
decode,instrumented,27,32,1,lm_head,-1,9931.800
decode,instrumented,27,32,1,head_shard_total,-1,9956.689
decode,instrumented,27,32,1,graph_sum,-1,66812.272
decode,instrumented,27,32,1,llama_decode_wall,-1,66961.053
decode,instrumented,27,32,1,outside_timed_stages,-1,148.781
decode,instrumented,28,32,1,embedding,-1,6.317
decode,instrumented,28,32,1,decoder_layer,0,1965.315
decode,instrumented,28,32,1,decoder_layer,1,2394.169
decode,instrumented,28,32,1,decoder_layer,2,1996.795
decode,instrumented,28,32,1,decoder_layer,3,1967.362
decode,instrumented,28,32,1,decoder_layer,4,1955.202
decode,instrumented,28,32,1,decoder_layer,5,1968.266
decode,instrumented,28,32,1,decoder_layer,6,2022.424
decode,instrumented,28,32,1,decoder_layer,7,2066.659
decode,instrumented,28,32,1,decoder_layer,8,2009.818
decode,instrumented,28,32,1,decoder_layer,9,2009.649
decode,instrumented,28,32,1,decoder_layer,10,2026.213
decode,instrumented,28,32,1,decoder_layer,11,1994.591
decode,instrumented,28,32,1,decoder_layer,12,2180.678
decode,instrumented,28,32,1,decoder_layer,13,1942.819
decode,instrumented,28,32,1,decoder_layer,14,2154.023
decode,instrumented,28,32,1,decoder_layer,15,2984.388
decode,instrumented,28,32,1,decoder_layer,16,1851.659
decode,instrumented,28,32,1,decoder_layer,17,1865.611
decode,instrumented,28,32,1,decoder_layer,18,1882.896
decode,instrumented,28,32,1,decoder_layer,19,1824.073
decode,instrumented,28,32,1,decoder_layer,20,1878.339
decode,instrumented,28,32,1,decoder_layer,21,1842.080
decode,instrumented,28,32,1,decoder_layer,22,1871.400
decode,instrumented,28,32,1,decoder_layer,23,1995.561
decode,instrumented,28,32,1,decoder_layer,24,1969.256
decode,instrumented,28,32,1,decoder_layer,25,1800.684
decode,instrumented,28,32,1,decoder_layer,26,1835.977
decode,instrumented,28,32,1,decoder_layer,27,1882.975
decode,instrumented,28,32,1,decoder_layers_total,-1,56138.882
decode,instrumented,28,32,1,decoder_shard_total,-1,56145.199
decode,instrumented,28,32,1,final_norm,-1,19.628
decode,instrumented,28,32,1,lm_head,-1,10204.204
decode,instrumented,28,32,1,head_shard_total,-1,10223.832
decode,instrumented,28,32,1,graph_sum,-1,66369.031
decode,instrumented,28,32,1,llama_decode_wall,-1,66540.699
decode,instrumented,28,32,1,outside_timed_stages,-1,171.668
decode,instrumented,29,32,1,embedding,-1,4.239
decode,instrumented,29,32,1,decoder_layer,0,1865.842
decode,instrumented,29,32,1,decoder_layer,1,1835.456
decode,instrumented,29,32,1,decoder_layer,2,1865.514
decode,instrumented,29,32,1,decoder_layer,3,1892.789
decode,instrumented,29,32,1,decoder_layer,4,1849.940
decode,instrumented,29,32,1,decoder_layer,5,4860.916
decode,instrumented,29,32,1,decoder_layer,6,1936.179
decode,instrumented,29,32,1,decoder_layer,7,2899.414
decode,instrumented,29,32,1,decoder_layer,8,1851.680
decode,instrumented,29,32,1,decoder_layer,9,1867.031
decode,instrumented,29,32,1,decoder_layer,10,1831.967
decode,instrumented,29,32,1,decoder_layer,11,1820.533
decode,instrumented,29,32,1,decoder_layer,12,1868.524
decode,instrumented,29,32,1,decoder_layer,13,1852.649
decode,instrumented,29,32,1,decoder_layer,14,1949.965
decode,instrumented,29,32,1,decoder_layer,15,2053.972
decode,instrumented,29,32,1,decoder_layer,16,2089.578
decode,instrumented,29,32,1,decoder_layer,17,2120.052
decode,instrumented,29,32,1,decoder_layer,18,2120.508
decode,instrumented,29,32,1,decoder_layer,19,2034.924
decode,instrumented,29,32,1,decoder_layer,20,1967.030
decode,instrumented,29,32,1,decoder_layer,21,1887.236
decode,instrumented,29,32,1,decoder_layer,22,2278.992
decode,instrumented,29,32,1,decoder_layer,23,1952.999
decode,instrumented,29,32,1,decoder_layer,24,1906.153
decode,instrumented,29,32,1,decoder_layer,25,1964.194
decode,instrumented,29,32,1,decoder_layer,26,2575.971
decode,instrumented,29,32,1,decoder_layer,27,1860.210
decode,instrumented,29,32,1,decoder_layers_total,-1,58860.218
decode,instrumented,29,32,1,decoder_shard_total,-1,58864.457
decode,instrumented,29,32,1,final_norm,-1,17.401
decode,instrumented,29,32,1,lm_head,-1,10168.795
decode,instrumented,29,32,1,head_shard_total,-1,10186.196
decode,instrumented,29,32,1,graph_sum,-1,69050.653
decode,instrumented,29,32,1,llama_decode_wall,-1,69195.457
decode,instrumented,29,32,1,outside_timed_stages,-1,144.804
